{
    "id": "C01",
    "value": "705450"
},
{
    "id": "C02",
    "value": "890000"
},
{
    "id": "C03",
    "value": "872000"
},
{
    "id": "C04",
    "value": "672500"
},
{
    "id": "C06",
    "value": "627500"
},
{
    "id": "C07",
    "value": "660000"
},
{
    "id": "C08",
    "value": "680400"
},
{
    "id": "C09",
    "value": "779617"
},
{
    "id": "C10",
    "value": "677500"
},
{
    "id": "C11",
    "value": "576500"
},
{
    "id": "C12",
    "value": "935000"
},
{
    "id": "C13",
    "value": "600000"
},
{
    "id": "C14",
    "value": "650000"
},
{
    "id": "C15",
    "value": "597450"
},
{
    "id": "E01",
    "value": "735000"
},
{
    "id": "E02",
    "value": "968000"
},
{
    "id": "E03",
    "value": "470000"
},
{
    "id": "E04",
    "value": "525000"
},
{
    "id": "E05",
    "value": "542000"
},
{
    "id": "E06",
    "value": "640500"
},
{
    "id": "E07",
    "value": "560000"
},
{
    "id": "E08",
    "value": "505000"
},
{
    "id": "E09",
    "value": "542680"
},
{
    "id": "E10",
    "value": "480000"
},
{
    "id": "E11",
    "value": "515000"
},
{
    "id": "W01",
    "value": "750000"
},
{
    "id": "W02",
    "value": "671000"
},
{
    "id": "W03",
    "value": "580000"
},
{
    "id": "W04",
    "value": "505000"
},
{
    "id": "W05",
    "value": "519000"
},
{
    "id": "W06",
    "value": "670000"
},
{
    "id": "W07",
    "value": "847500"
},
{
    "id": "W08",
    "value": "600000"
},
{
    "id": "W09",
    "value": "450500"
},
{
    "id": "W10",
    "value": "525000"
}