Date,Exchange Rate,Prime_Rate,INDINF_CPI_Q,GDP,W.MTLS,Open,Gold_Price_in_USD,Ontario_Immigrants_International,Ontario_Emigrants_International,Ontario_In_migrant_Interprovincial,Ontario_Out_migrant_Interprovincial,Crime_severity_index_toronto,Toronto_median_age,UT_Total_Enrolment,Participation_rate_toronto,Employment_rate_toronto,Toronto_population,Sales_Total,Avg_Price_Month,New Units Number (Plan for construction),New Units Number (construction complete),Exchange Rate_Change_Rate,Prime_Rate_Change_Rate,GDP_Change_Rate,W.MTLS_Change_Rate,Gold_Price_in_USD_Change_Rate,Ontario_population_Change_Rate,Ontario_Immigrants_International_Change_Rate,Ontario_Emigrants_International_Change_Rate,Ontario_In_migrant_Interprovincial_Change_Rate,Ontario_Out_migrant_Interprovincial_Change_Rate,UT_Graduate_Enrolment_Change_Rate,UT_Undergraduate_Enrolment_Change_Rate,Ryerson_Total_Enrolment_Change_Rate,York_Total_Enrolment_Change_Rate,Toronto_population_Change_Rate,Sales_Total_Change_Rate,Avg_Price_Month_Change_Rate
2001-01-01,1.502559091,7.4,2.8,33393.91068,262.182,2641.687163,265.2966667,34801.0,3144.0,15176.0,11129.0,80.04,36.8,45261,68.6,65.0,4882618.0,528,185757.6686,1457,511,,,,,,,,,,,,,,,,,
2001-02-01,1.5219806999999999,7.25,3.274301953,33414.60595,258.25,2474.819966,261.3108,37662.09142,2596.931225,17272.33196,11735.03833,79.88335352,36.82014705,45261,68.6,64.2,4894687.054,732,189990.7036,946,227,0.012925687,-0.02027027,0.000619732,-0.014997216,-0.015024187,0.0014680239999999998,0.082212908,-0.17400406300000001,0.138134683,0.054455776,0.0,0.0,0.0,0.0,0.0024718410000000002,0.386363636,0.022787942000000002
2001-03-01,1.557831545,6.75,3.5231908410000004,33421.15412,250.7975,1999.3631870000002,262.5739286,39796.62476,2862.3090030000003,19017.66529,12893.305,79.74653314,36.83919517,45261,69.0,64.7,4905287.46,925,191476.2205,1015,387,0.023555387999999997,-0.068965517,0.00019596700000000002,-0.028857696000000002,0.004833817,0.001461975,0.056675910999999995,0.10218899,0.101047927,0.09870156699999999,0.0,0.0,0.0,0.0,0.002165696,0.263661202,0.007818893
2001-04-01,1.5586287369999998,6.625,3.6,33411.957969999996,247.6,1929.5815120000002,260.07380950000004,41662.0,3997.0,20786.0,14852.0,79.60022022,36.86122612,45261,69.2,65.0,4916690.735,836,189802.6914,1503,1151,0.000511731,-0.018518519,-0.000275159,-0.01274933,-0.009521581,0.001768772,0.046872699999999996,0.39642505299999997,0.092983796,0.151915665,0.0,0.0,0.0,0.0,0.00232469,-0.096216216,-0.008740141
2001-05-01,1.5412870909999998,6.45,3.475476383,33549.86515,254.80200000000002,2178.740467,271.7556,42969.071560000004,5936.427697,22333.20337,17424.2094,79.46379667,36.88348887,45261,69.6,65.4,4927393.091,958,191658.3372,1810,175,-0.01112622,-0.026415094,0.00412748,0.029087237000000002,0.044917212000000005,0.0018610270000000001,0.031373231,0.48522084,0.074434878,0.17318942899999998,0.0,0.0,0.0,0.0,0.00217674,0.145933014,0.00977671
2001-06-01,1.5255614290000001,6.25,3.15070854,33500.662000000004,247.9125,2110.6643010000003,270.2369231,43577.08226,8484.951339,23481.41606,20341.47063,79.32816759,36.90746758,45261,69.7,65.3,4938108.018999999,1024,193900.3486,1928,411,-0.010202942,-0.031007752000000003,-0.001466568,-0.027038642,-0.005588391999999999,0.002056601,0.014149961,0.429302566,0.051412808,0.16742574400000002,0.0,0.0,0.0,0.0,0.002174563,0.068893528,0.011697958999999999
2001-07-01,1.528156864,6.125,2.7,33336.943960000004,240.2525,2039.163795,267.1369231,42152.0,9632.0,22560.0,20916.0,79.20208325,36.93161526,45261,70.2,65.9,4948144.232,832,193513.4207,617,831,0.001701298,-0.02,-0.004887009,-0.030897998,-0.011471415,0.00200515,-0.032702563,0.135186239,-0.039240225,0.02824424,0.0,0.0,0.0,0.0,0.002032401,-0.1875,-0.001995499
2001-08-01,1.538819304,5.95,2.102693651,33562.427319999995,234.71200000000002,1937.889988,272.1251852,38370.92401,9129.107656,19226.521230000002,18746.15626,79.07713802,36.95754174,45261,69.8,65.7,4958170.813,903,204706.8538,1779,657,0.006977321,-0.028571429,0.006763768000000001,-0.023061154,0.018673053999999998,0.002067485,-0.089700987,-0.052210584000000004,-0.147760584,-0.10374085599999999,0.0,0.0,0.0,0.0,0.002026331,0.085336538,0.057843188
2001-09-01,1.5650705,5.5,1.4397852269999998,33387.28371,231.2,1582.933342,281.7176,32964.4824,7198.48838,14147.393380000001,14375.66171,78.95762229,36.98445806,45261,69.4,65.1,4967847.577,733,191080.1446,1397,1364,0.01705931,-0.075630252,-0.005218443,-0.014963019,0.035250007,0.0019742379999999997,-0.14089943800000002,-0.211479517,-0.264173003,-0.23314083600000002,0.0,0.0,0.0,0.0,0.00195168,-0.18826135100000002,-0.066566942
2001-10-01,1.570276826,4.95,1.1,33488.85814,226.018,1646.376088,282.4422222,30039.0,5511.0,11177.0,11302.0,78.84713149999999,37.01144859,45261,69.4,64.8,4976879.116,796,192292.6357,1111,327,0.003326576,-0.1,0.0030423090000000004,-0.022413495,0.0025721579999999997,0.001349435,-0.088746499,-0.23442260199999998,-0.209960471,-0.213810103,0.0,0.0,0.0,0.0,0.001817998,0.08594815800000001,0.006345458000000001
2001-11-01,1.5932341819999998,4.375,1.120564686,33662.03678,227.81,1861.602859,275.1064,30033.109230000002,4207.377314,10710.34655,9854.790858,78.73829962,37.04031268,45261,70.0,65.0,4985867.533,839,196114.1061,1467,1273,0.014619942,-0.116161616,0.005171231,0.007928572,-0.025972824,0.0007397510000000001,-0.000196104,-0.236549208,-0.041751225,-0.128048942,0.0,0.0,0.0,0.0,0.001806035,0.054020100999999994,0.019873202
2001-12-01,1.5773436109999999,4.0,1.4295402380000002,33490.71278,232.21,1976.3270079999998,275.17125,32645.25685,3346.914088,12487.42238,10076.361920000001,78.63814804,37.06918814,45261,70.2,65.2,4994232.93,655,193162.7985,1230,80,-0.009973781999999999,-0.085714286,-0.005089531,0.019314341000000002,0.000235727,0.00022164599999999998,0.086975598,-0.204512969,0.165921412,0.022483589,0.0,0.0,0.0,0.0,0.001677822,-0.21930870100000002,-0.015048931000000002
2002-01-01,1.600234591,3.85,1.6,33779.44154,237.26,1981.7881149999998,280.9384,36136.0,2715.0,14788.0,11658.0,78.54,37.1,47446,70.5,65.2,5002533.0,732,196438.8825,2152,1474,0.014512361000000001,-0.0375,0.008621159,0.021747556,0.020958403,0.0005904819999999999,0.10692956599999999,-0.188804992,0.184231585,0.156965191,0.06527079200000001,0.044317934,0.0,0.0,0.001661931,0.11755725199999999,0.016960222
2002-02-01,1.5953253,3.75,1.5450429959999998,34048.03665,240.045,1811.8284210000002,294.7458333,40114.13045,2318.475815,17255.752,14560.88781,78.44728146,37.13180171,47446,69.7,64.9,5010483.254,957,208220.7482,787,1246,-0.0030678570000000002,-0.025974026,0.007951436999999999,0.011738178,0.049147547,0.001101688,0.11008773599999999,-0.146049423,0.166875304,0.24900393,0.0,0.0,0.0,0.0,0.001589246,0.30737704899999996,0.059977259000000005
2002-03-01,1.5874214,3.75,1.34833791,33994.588130000004,245.235,1855.9414980000001,293.5624,43687.16623,2251.488958,19545.49768,18039.44569,78.36820244,37.16137662,47446,69.9,64.9,5017363.454,1099,206571.384,1293,1589,-0.0049544129999999995,0.0,-0.0015697970000000002,0.021620946000000002,-0.004015098,0.001391194,0.08907175,-0.028892627,0.132694633,0.238897375,0.0,0.0,0.0,0.0,0.0013731610000000001,0.148380355,-0.007921229
2002-04-01,1.581398619,3.875,1.3,34281.84119,245.335,1766.058638,302.26269229999997,44496.0,3132.0,21558.0,20853.0,78.28581746,37.19506223,47446,69.6,64.4,5024647.929,1183,219488.6002,1020,904,-0.0037940659999999996,0.033333333,0.008449964,0.000407772,0.029636944,0.001678819,0.018514219,0.39107944,0.10296500800000001,0.155966783,0.0,0.0,0.0,0.0,0.001451853,0.07643312099999999,0.06253148900000001
2002-05-01,1.549755091,4.0,1.474470876,34316.0925,244.93400000000003,1666.42091,313.27259260000005,41643.65526,5037.71836,22890.91203,22228.406430000003,78.21125965,37.22860367,47446,69.1,64.3,5031364.35,1115,218748.3372,1243,916,-0.020009837,0.032258065,0.000999109,-0.0016344999999999999,0.03642494,0.001716116,-0.064103397,0.608466909,0.061829113,0.065957245,0.0,0.0,0.0,0.0,0.001336695,-0.057480980999999993,-0.003372672
2002-06-01,1.5311164,4.25,1.860131346,34353.924960000004,249.185,1506.029004,321.3192,35590.84033,7734.822899,23448.035640000002,22253.5304,78.13955852,37.26423705,47446,68.8,63.5,5037960.478,940,214305.2351,294,863,-0.012026862,0.0625,0.00110247,0.017355696,0.025685641000000002,0.001845324,-0.14534783,0.53538216,0.024338201,0.001130264,0.0,0.0,0.0,0.0,0.0013110020000000001,-0.156950673,-0.020311478
2002-07-01,1.544199783,4.4,2.3,34385.70332,246.408,1350.8318259999999,313.0222222,30426.0,8999.0,22142.0,20905.0,78.07533992,37.29966343,47446,69.0,64.0,5044010.756,617,215936.6904,1444,1490,0.008544995,0.035294118,0.000925028,-0.011144331,-0.025821606,0.0017296310000000001,-0.145117122,0.163439696,-0.055699149,-0.060598492999999996,0.0,0.0,0.0,0.0,0.0012009380000000001,-0.343617021,0.007612765
2002-08-01,1.568205364,4.5,2.80015083,34578.96335,238.555,1326.922724,309.2012,26455.676209999998,8553.659107,18700.67715,18089.084880000002,77.99413296,37.33627194,47446,69.9,64.3,5050114.804,765,208338.9516,1101,1272,0.015545645,0.022727273,0.00562036,-0.031869907,-0.012206871999999999,0.0017076270000000002,-0.130491152,-0.04948782,-0.155420597,-0.134700556,0.0,0.0,0.0,0.0,0.001210158,0.23987034,-0.035185029
2002-09-01,1.5737073330000002,4.5,3.332186948,34555.8726,240.3975,1256.1354919999999,318.1468,23854.22454,6671.18896,13725.611859999999,14229.604290000001,77.87381759,37.37172473,47446,70.2,64.8,5056301.996,780,215612.8782,691,1024,0.00350845,0.0,-0.0006677689999999999,0.007723586,0.028931323999999998,0.001560478,-0.09833245800000001,-0.220077761,-0.266036638,-0.213359637,0.0,0.0,0.0,0.0,0.001225159,0.019607843,0.034913906
2002-10-01,1.577897696,4.5,3.8,34709.6719,240.22,1236.3356509999999,315.865,22532.0,5316.0,10617.0,11651.0,77.72009725,37.40493108,47446,70.3,64.8,5062369.25,950,218940.0189,1000,1033,0.002662733,0.0,0.004450743,-0.00073836,-0.007172161,0.001015495,-0.055429365999999994,-0.203140545,-0.22648257100000002,-0.181214055,0.0,0.0,0.0,0.0,0.001199939,0.217948718,0.015431085
2002-11-01,1.5713871430000002,4.5,4.222048792,34681.41536,248.375,1402.871991,318.5764,22383.09131,4699.425302000001,9688.178067,10534.84958,77.5227239,37.43810473,47446,70.0,65.1,5068721.047,845,218089.4225,2214,1704,-0.004126093,0.0,-0.0008140830000000001,0.033948048,0.008584047,0.00048176,-0.006608765,-0.11598470599999999,-0.087484405,-0.09579868,0.0,0.0,0.0,0.0,0.001254709,-0.110526316,-0.003885066
2002-12-01,1.55865715,4.5,4.53171479,34507.085510000004,250.6825,1392.419521,333.52076919999996,23341.29274,4748.505307,10780.761709999999,10864.393320000001,77.29443132,37.46910547,47446,70.2,65.0,5074947.597,623,214842.7287,551,2448,-0.008101118000000001,0.0,-0.005026607,0.009290388,0.046909844000000006,3.8299999999999996e-05,0.042809164000000004,0.010443830999999999,0.11277493400000001,0.031281296,0.0,0.0,0.0,0.0,0.0012284260000000001,-0.262721893,-0.014886983999999999
2003-01-01,1.540829955,4.5,4.5,34650.70332,256.67400000000004,1389.808106,354.99199999999996,24990.0,4752.0,12584.0,12099.0,77.02,37.5,51008,70.6,65.3,5081464.0,638,223692.1834,665,870,-0.011437535,0.0,0.00416198,0.023900751,0.06437749200000001,0.00036038199999999997,0.070634788,0.0007359560000000001,0.167264461,0.113637885,0.078730647,0.07420642200000001,0.0,0.076923077,0.0012840339999999999,0.024077047,0.041190385
2003-02-01,1.5129913000000001,4.5,4.069446779,34819.83421,263.8,1313.224211,357.8586957,27228.44511,4589.092956,14843.2431,14149.1097,76.70640807,37.52973628,51008,70.8,65.6,5088064.056,851,221466.6122,3621,1077,-0.018067311000000003,0.0,0.004881023,0.027762843,0.008075381,0.000812485,0.089573634,-0.034281785,0.179532987,0.169444557,0.0,0.0,0.0,0.0,0.001298849,0.333855799,-0.009949258
2003-03-01,1.47537919,4.75,3.400845692,34741.08901,259.435,1344.264288,340.4466667,29635.97674,4397.03966,17129.65041,16570.13323,76.38950437,37.55559933,51008,70.5,65.3,5094097.297,999,219933.4695,1552,859,-0.024859435,0.055555556,-0.002261504,-0.016546626000000002,-0.048656157,0.001080971,0.088419725,-0.041849947,0.15403691,0.171107835,0.0,0.0,0.0,0.0,0.001185764,0.17391304300000002,-0.006922681
2003-04-01,1.46134695,4.9,2.8,34646.69459,249.678,1409.119042,327.6595652,31866.0,4833.0,18893.0,18944.0,76.00138095,37.58313121,51008,70.6,65.0,5100856.561000001,1047,220042.4852,1207,1805,-0.009510938,0.031578947,-0.002717083,-0.03760865,-0.037559779,0.001290831,0.07524716599999999,0.099148603,0.102941365,0.143261779,0.0,0.0,0.0,0.0,0.0013268820000000001,0.048048047999999996,0.000495676
2003-05-01,1.3830583330000001,5.0,2.427898159,34754.58988,260.345,1517.4081039999999,354.50185189999996,33454.1516,6012.528534,19669.12539,20788.756999999998,75.58849153,37.60867216,51008,69.9,64.4,5107477.432,1039,228105.3301,948,1430,-0.053572915,0.020408163,0.0031141579999999997,0.042723027000000004,0.081921267,0.001297889,0.04983843599999999,0.24405721800000002,0.04108005,0.09737948699999999,0.0,0.0,0.0,0.0,0.001297992,-0.007640879000000001,0.036642219
2003-06-01,1.354565143,5.0,2.235786131,34851.949389999994,264.14,1633.777152,356.25,34423.26507,7759.295290999999,19460.30714,22013.385,75.12331014,37.63392491,51008,70.0,64.5,5114401.302,1045,216460.5493,1207,1066,-0.020601583,0.0,0.002801343,0.014576812,0.004931281,0.001388139,0.028968407,0.290521159,-0.01061655,0.058908188,0.0,0.0,0.0,0.0,0.0013556339999999999,0.005774783,-0.051050016
2003-07-01,1.380153435,4.85,2.1,34943.35079,265.24,1715.868175,350.1159259,34239.0,8512.0,17999.0,21323.0,74.63584848,37.65726026,51008,69.9,64.3,5121181.469,1152,220006.5382,1112,677,0.018890411,-0.03,0.002622562,0.004164458,-0.017218453999999998,0.0013704770000000002,-0.0053529219999999995,0.097006839,-0.07509167900000001,-0.031362056,0.0,0.0,0.0,0.0,0.001325701,0.10239234400000001,0.016381687
2003-08-01,1.397856429,4.75,1.987540109,34711.567189999994,271.62,1722.6523789999999,359.6603704,32806.02881,8065.857769,15138.322369999998,18457.57329,74.13218033,37.68084386,51008,69.7,64.1,5128206.732,1005,223219.6517,1712,832,0.01282683,-0.020618557,-0.006633124000000001,0.024053687,0.027260812000000002,0.0014409420000000002,-0.041852016,-0.052413325999999996,-0.158935365,-0.13438196800000002,0.0,0.0,0.0,0.0,0.001371805,-0.127604167,0.014604627
2003-09-01,1.366352182,4.5625,1.885374055,35246.70332,273.32,1856.325248,378.0776,30393.139010000003,6624.136064,11357.5807,13988.28061,73.67443873,37.70461483,51008,69.6,64.0,5135176.202,953,221429.2214,1534,1389,-0.022537541,-0.039473684,0.015416651000000002,0.006258744,0.05120728099999999,0.0013998370000000001,-0.073550194,-0.178743755,-0.24974641,-0.24213869300000002,0.0,0.0,0.0,0.0,0.001359046,-0.05174129400000001,-0.008020935
2003-10-01,1.324753565,4.5,1.7,35353.76963,281.232,1904.3899989999998,377.6759259,28638.0,5609.0,9243.0,11255.0,73.27528611,37.72779888,51008,69.4,64.2,5141867.572,957,217635.2414,3287,1472,-0.030445017999999997,-0.01369863,0.003037626,0.028947754,-0.001062412,0.000962541,-0.057747869,-0.15324807,-0.186182318,-0.195397897,0.0,0.0,0.0,0.0,0.001303046,0.004197272,-0.017134053
2003-11-01,1.3128104,4.5,1.403225996,35370.29319,291.595,1939.95053,389.6172,27672.346360000003,5171.113633,9051.522632,10588.30364,72.90811232,37.75194163,51008,69.1,63.9,5148726.933,844,224552.1078,768,391,-0.009015386,0.0,0.000467378,0.036848581,0.031617779,0.0005327999999999999,-0.033719311,-0.078068527,-0.020715933,-0.059235572,0.0,0.0,0.0,0.0,0.0013340210000000001,-0.118077325,0.031781923
2003-12-01,1.312954143,4.5,1.06662257,35443.19197,306.17400000000004,1957.3109129999998,407.1484615,27604.22216,5261.528404,10566.65238,11782.82215,72.59660598,37.77548547,51008,69.9,64.8,5155311.7469999995,728,217241.456,1247,1260,0.000109492,0.0,0.002061017,0.049997428,0.044996117999999995,0.000164915,-0.002461815,0.017484583999999997,0.167389489,0.11281491,0.0,0.0,0.0,0.0,0.0012789210000000001,-0.137440758,-0.032556594
2004-01-01,1.296086143,4.375,1.0,35427.95113,317.2175,2097.614545,412.86230770000003,28719.0,5397.0,12439.0,13344.0,72.32,37.8,55763,69.6,64.6,5162061.0,625,221502.3744,517,1489,-0.012847363999999998,-0.027777778,-0.000430007,0.036069359,0.014033815,0.00041249900000000004,0.040384323,0.025747575,0.177194021,0.132496088,0.041327362,0.105599262,0.0,0.11904761900000001,0.001309184,-0.141483516,0.019613744
2004-02-01,1.3298938999999999,4.25,1.274247584,35465.5829,324.15,2052.7357690000003,402.92199999999997,31086.423260000003,5494.123476,14382.73465,14976.50896,72.08942029,37.82470346,55763,70.2,65.2,5168754.297,887,221989.0113,412,586,0.026084499,-0.028571429,0.001062205,0.021854091000000003,-0.024076569,0.00075839,0.082434042,0.017995826,0.156261327,0.1223403,0.0,0.0,0.0,0.0,0.001296633,0.4192,0.002196983
2004-03-01,1.330481565,4.0,1.771005889,35774.743460000005,324.09,1982.9356530000002,405.2640741,34142.54649,5610.572624,16180.121930000001,16554.06942,71.91538458,37.8479842,55763,70.2,64.8,5174965.11,1313,225317.90399999998,1702,829,0.000441889,-0.058823529000000006,0.008717199,-0.000185099,0.0058127230000000005,0.000995952,0.098310546,0.021195218999999998,0.124968396,0.105335661,0.0,0.0,0.0,0.0,0.001201607,0.480270575,0.014995753999999998
2004-04-01,1.3408617,3.8125,2.1,35861.31588,324.33,2027.794282,404.64375,36346.0,6167.0,17505.0,18199.0,71.77388796,37.87305335,55763,70.4,65.3,5181550.103,1244,228128.8199,2041,1273,0.0078017880000000005,-0.046875,0.002419931,0.000740535,-0.001530666,0.001195673,0.064536882,0.09917479300000001,0.081883071,0.099367143,0.0,0.0,0.0,0.0,0.001272471,-0.052551409,0.012475333
2004-05-01,1.377712524,3.75,2.147691128,35909.19197,302.1775,1928.1244989999998,383.6748148,37124.364,7193.886397,18110.29509,19735.17285,71.68077889,37.89749371,55763,70.4,65.0,5187869.4,1193,241201.0243,978,1641,0.027482942000000003,-0.016393443,0.001335034,-0.068302346,-0.051820732,0.001258218,0.021415396,0.16651311800000002,0.034578411,0.08440974,0.0,0.0,0.0,0.0,0.001219576,-0.040996785,0.057301854000000006
2004-06-01,1.358688636,3.75,1.972547889,36140.717280000004,314.38,1999.193336,391.3624,36544.97868,8561.549921,18001.89773,21068.09007,71.62985008,37.92293464,55763,70.1,65.1,5194344.285,1258,231930.4555,1869,2050,-0.013808313999999999,0.0,0.006447522,0.040381895,0.020036721,0.0013932679999999998,-0.015606606,0.19011469600000003,-0.0059854,0.067540185,0.0,0.0,0.0,0.0,0.001248082,0.054484492999999995,-0.038435031
2004-07-01,1.322388364,3.75,1.9,36026.9459,325.395,1919.722389,397.5403704,34733.0,9056.0,16991.0,20993.0,71.62438728,37.94773479,55763,70.1,64.9,5200557.025,1091,228362.8973,762,893,-0.026717138999999997,0.0,-0.0031480109999999996,0.035037216,0.015785805,0.00137539,-0.049582152000000004,0.057752403,-0.056155065,-0.0035641609999999997,0.0,0.0,0.0,0.0,0.001196059,-0.132750397,-0.015382017
2004-08-01,1.314659136,3.75,1.980500144,36309.31763,324.82,1821.2963809999999,399.7492308,31583.07865,8512.058985,14975.74626,19307.98722,71.64887386,37.97344771,55763,70.1,64.7,5207026.386,1033,225848.5992,3438,760,-0.0058449,0.0,0.007837793000000001,-0.0017670829999999998,0.005556317,0.001438144,-0.090689585,-0.060064158,-0.11860713,-0.080265459,0.0,0.0,0.0,0.0,0.001243975,-0.053162235999999995,-0.011010098999999999
2004-09-01,1.2905655,3.9,2.182685533,36463.85864,327.93,1881.201428,404.5436,27582.86086,7115.520204,12270.86367,16350.9536,71.68704469,37.99913657,55763,69.0,64.0,5213663.017,932,224065.0075,1601,1380,-0.018326907,0.04,0.004256236,0.009574534,0.011993442,0.001383682,-0.126656994,-0.164065919,-0.180617549,-0.153150797,0.0,0.0,0.0,0.0,0.001274553,-0.097773475,-0.007897289
2004-10-01,1.249289714,4.125,2.3,36412.59337,348.055,1935.561907,419.8024,25298.0,6126.0,10584.0,14212.0,71.7369974,38.02397376,55763,69.4,64.1,5220244.938999999,900,238120.0933,2174,2070,-0.031982712999999996,0.057692308,-0.00140592,0.061369805,0.037718555,0.000905483,-0.082836254,-0.139065054,-0.137469025,-0.13081522,0.0,0.0,0.0,0.0,0.001262437,-0.034334764,0.062727714
2004-11-01,1.196279273,4.25,2.3083341269999997,36495.37347,350.17,2059.2052350000004,438.4124,24970.08925,5670.51004,10063.68276,13066.47388,71.80206218,38.04961507,55763,69.6,64.4,5227210.946,1000,235626.733,1703,1210,-0.042432465,0.03030303,0.002273392,0.006076626,0.04433038,0.00042638699999999997,-0.012961924,-0.074353568,-0.049160737,-0.080602739,0.0,0.0,0.0,0.0,0.0013344210000000001,0.111111111,-0.01047102
2004-12-01,1.218187565,4.25,2.218878437,36450.92147,354.76800000000003,2146.2768,442.53521739999996,26504.424280000003,5696.137887,10702.679470000001,12994.74454,71.87804128,38.07440624,55763,69.5,63.7,5234111.618,703,239119.6999,1018,395,0.018313694,0.0,-0.001218018,0.013130765,0.009403971,2.17e-05,0.061446917999999996,0.004519496,0.063495314,-0.0054895709999999995,0.0,0.0,0.0,0.0,0.0013201439999999999,-0.297,0.014824153999999999
2005-01-01,1.22419419,4.25,2.1,36595.90576,357.8275,2081.331494,424.1043478,29269.0,5683.0,12285.0,14033.0,71.97,38.1,57887,68.8,64.0,5241407.0,601,230779.2962,491,965,0.0049307890000000005,0.0,0.0039775209999999995,0.008623946,-0.041648368,0.000259443,0.104306198,-0.002306455,0.14784340099999999,0.079898105,0.024926686,0.041047152999999996,0.0,0.053191489,0.001393815,-0.145092461,-0.034879618
2005-02-01,1.2392857,4.25,1.9665650369999998,36668.4712,363.33,2065.447895,422.5127273,33110.31685,5543.156292000001,14761.60706,16208.6563,72.07562613,38.1255696,57887,69.0,63.6,5248869.768999999,874,234769.4691,914,1297,0.012327709,0.0,0.001982884,0.015377521000000002,-0.0037528979999999997,0.000606334,0.131241821,-0.024607373999999998,0.20159601600000002,0.155038573,0.0,0.0,0.0,0.0,0.00142381,0.454242928,0.017289995
2005-03-01,1.216971619,4.25,1.855561681,36507.68237,377.754,2034.583646,434.3669565,37223.62182,5404.638051,17543.24424,18951.43912,72.18277781,38.14864395,57887,69.3,64.2,5255754.208000001,1129,242998.5226,1888,3826,-0.018005599,0.0,-0.004384934,0.039699447,0.028056502,0.00082718,0.124230311,-0.024989056000000003,0.18843728699999998,0.169217163,0.0,0.0,0.0,0.0,0.0013116039999999999,0.29176201399999996,0.035051634
2005-04-01,1.235972667,4.25,1.9,36806.66318,372.1525,1962.563337,427.68,40485.0,5926.0,19632.0,21426.0,72.31441611,38.17416755,57887,69.1,64.0,5263535.553,1249,233664.3395,2060,146,0.015613386000000002,0.0,0.008189531,-0.014828433,-0.015394716999999999,0.0010953339999999999,0.087615821,0.096465655,0.119063255,0.130573771,0.0,0.0,0.0,0.0,0.0014805379999999998,0.106288751,-0.03841251
2005-05-01,1.255950136,4.25,2.1348351080000003,36978.815010000006,362.6425,1998.470482,421.84653849999995,42035.715710000004,7212.75181,20413.833290000002,23036.84725,72.45482122,38.198844799999996,57887,69.9,64.6,5271225.262,1283,244013.9564,803,1193,0.016163359,0.0,0.004677192,-0.02555404,-0.013639781,0.001218924,0.038303462999999996,0.21713665399999998,0.039824434,0.075181893,0.0,0.0,0.0,0.0,0.00146094,0.027221777000000003,0.044292668
2005-06-01,1.242152364,4.25,2.518369239,37088.24084,363.506,2075.519098,429.58416669999997,42004.91838,9072.409964,19939.98285,23778.17208,72.61335347,38.22432086,57887,69.9,64.7,5279335.982,1308,241869.6636,2909,1417,-0.010985924,0.0,0.0029591490000000003,0.0023811329999999997,0.018342281999999998,0.0014093139999999998,-0.000732647,0.257829217,-0.023212222999999997,0.03217996,0.0,0.0,0.0,0.0,0.001538678,0.019485581000000002,-0.008787583
2005-07-01,1.22377181,4.25,2.7,37097.04538,360.2625,2138.327503,424.1736,40541.0,9804.0,18236.0,22959.0,72.77978497,38.24895209,57887,69.6,64.6,5287344.441000001,1110,245632.80899999998,3500,1720,-0.014797343000000001,0.0,0.000237394,-0.008922824000000001,-0.012594893000000001,0.001429127,-0.034851118,0.080638997,-0.08545558199999999,-0.034450591,0.0,0.0,0.0,0.0,0.0015169439999999999,-0.151376147,0.015558566999999999
2005-08-01,1.205562652,4.25,2.634482669,37388.184989999994,371.34,2157.9934719999997,436.8911538,37572.13439,9178.027617,15187.4024,20411.520940000002,72.9424643,38.27439291,57887,69.2,64.8,5295640.561000001,1124,237292.9742,982,2480,-0.014879537,0.0,0.007848054,0.030748413,0.029981955,0.0015301070000000002,-0.073231188,-0.063848672,-0.167174687,-0.110957754,0.0,0.0,0.0,0.0,0.001569052,0.012612613,-0.033952446000000004
2005-09-01,1.179030773,4.4375,2.365555687,37483.24258,371.125,2145.583787,455.06083330000007,33465.54519,7446.883478,11282.51799,16619.73979,73.06863202,38.29983673,57887,69.7,65.1,5303786.46,1150,241379.0557,922,357,-0.022007881,0.044117647,0.00254245,-0.000578984,0.041588573,0.0015002939999999999,-0.1092988,-0.18861831899999998,-0.25711338300000003,-0.185766713,0.0,0.0,0.0,0.0,0.001538227,0.023131673,0.017219564
2005-10-01,1.177634286,4.625,2.2,37504.90576,374.815,2089.8366760000004,469.23166669999995,30238.0,6320.0,9108.0,14356.0,73.15590991,38.32446268,57887,70.1,65.4,5311526.205,1040,246403.4827,982,841,-0.001184436,0.042253520999999995,0.000577943,0.009942742,0.031140525,0.000976582,-0.096443825,-0.151322829,-0.19273339399999997,-0.136207896,0.0,0.0,0.0,0.0,0.001459287,-0.095652174,0.020815505
2005-11-01,1.183129182,4.75,2.1741899819999997,37704.93019,387.394,2198.777158,475.032,27975.1767,5985.424182,8916.708905,13895.289869999999,73.21011649,38.34991248,57887,68.9,64.8,5319375.777,1079,232161.8406,2228,1552,0.004666046,0.027027027000000002,0.005333287,0.033560557000000005,0.012361341999999999,0.000446292,-0.074833762,-0.052939212,-0.021002536000000002,-0.032091817,0.0,0.0,0.0,0.0,0.001477838,0.0375,-0.057798055
2005-12-01,1.162089857,5.0,2.273361419,37822.87609,416.1475,2249.277646,507.9588,26893.47165,6338.8535679999995,10453.44058,15013.984569999999,73.22775456,38.37454422,57887,68.5,63.9,5326828.754,743,244749.362,1868,1277,-0.017782779,0.052631579000000005,0.0031281290000000003,0.074222884,0.06931490900000001,-2.67e-06,-0.038666603,0.059048344,0.172342923,0.080508914,0.0,0.0,0.0,0.0,0.0014011,-0.31139944399999997,0.054218735
2006-01-01,1.158800136,5.0625,2.4,37841.13438,436.1075,2286.1739989999996,548.1404,27367.0,6606.0,12125.0,16181.0,73.21,38.4,60203,68.8,64.0,5334382.0,729,253418.16600000003,1157,3171,-0.0028308659999999996,0.0125,0.00048273099999999997,0.047963763,0.079104053,0.000239956,0.017607558,0.042144282000000005,0.159905191,0.077728562,0.004673343,0.04782498599999999,0.0,0.03030303,0.001417963,-0.01884253,0.035419108
2006-02-01,1.1495118,5.25,2.533940765,37989.5288,456.285,2273.930009,554.2743477999999,29531.8527,6641.258105,13600.53746,17093.142480000002,73.15567502,38.42545882,60203,68.2,63.5,5341784.654,1010,259515.5455,920,1392,-0.008015477,0.037037037,0.003921511,0.046267262,0.011190468,0.00060111,0.079104494,0.005337285,0.121693811,0.05637120599999999,0.0,0.0,0.0,0.0,0.001387725,0.385459534,0.024060546000000002
2006-03-01,1.157945565,5.45,2.640963441,38060.51483,457.298,2298.3265109999998,555.3573077000001,32610.9988,6572.931995,14804.64834,17855.51811,73.07517425,38.44845649,60203,68.3,63.9,5348341.484,1348,256038.7819,1837,1400,0.0073368240000000005,0.038095238,0.001868569,0.002220104,0.0019538339999999998,0.000825109,0.104265253,-0.010288127,0.088534066,0.044601256,0.0,0.0,0.0,0.0,0.001227461,0.334653465,-0.01339713
2006-04-01,1.145210389,5.5625,2.6,38041.21117,511.9975,2340.444734,609.2190909,34916.0,7092.0,16279.0,19753.0,72.95124751,38.4739211,60203,68.4,63.9,5355457.527,1193,249838.8458,1666,1442,-0.010998079,0.020642202,-0.000507183,0.119614562,0.096985819,0.001027662,0.070681711,0.078970542,0.099587077,0.106268655,0.0,0.0,0.0,0.0,0.0013305139999999999,-0.114985163,-0.024214832000000002
2006-05-01,1.1098775,5.8,2.378405473,38059.87784,575.172,2252.699529,673.8003704,35676.5054,8299.186871,17891.24449,22817.82392,72.79649851,38.49856715,60203,68.4,64.2,5362200.636,1363,258012.9545,1963,1771,-0.030852749,0.04269662900000001,0.000490696,0.12338829800000001,0.10600665699999999,0.001077614,0.021781000000000002,0.170218115,0.09903830000000001,0.15515739,0.0,0.0,0.0,0.0,0.00125911,0.142497904,0.032717525
2006-06-01,1.113801773,6.0,1.999017445,38006.16928,529.165,2140.187289,595.7324,35107.4895,10017.93706,19476.14846,26681.00289,72.60061063,38.52403773,60203,68.4,64.1,5369020.352000001,1284,251530.9182,2455,776,0.0035357709999999996,0.034482759,-0.001411159,-0.079988247,-0.115862166,0.001189683,-0.015949317,0.207098625,0.088585452,0.16930531899999998,0.0,0.0,0.0,0.0,0.0012718130000000001,-0.057960382000000005,-0.02512291
2006-07-01,1.127754952,6.0,1.7,37950.91623,569.4325,2089.094983,631.9076922999999,34179.0,10677.0,19382.0,27836.0,72.37622181,38.54868957,60203,68.6,64.1,5375476.693,1161,250620.7752,2928,2330,0.012527525,0.0,-0.0014537920000000002,0.076096303,0.060724064,0.001170869,-0.026447049,0.065788289,-0.004834039,0.043289119,0.0,0.0,0.0,0.0,0.001202518,-0.095794393,-0.0036184140000000004
2006-08-01,1.11916213,6.0,1.499029196,38068.856889999995,589.268,2116.1626079999996,629.7396296000001,32993.411739999996,10063.278540000001,17329.80622,25786.50647,72.12115621,38.57416744,60203,68.1,63.6,5382098.708,1139,250199.935,1448,1846,-0.007619405,0.0,0.003107716,0.034833803999999996,-0.00343098,0.001220622,-0.034687623,-0.057480703,-0.105881425,-0.073627444,0.0,0.0,0.0,0.0,0.001231893,-0.018949182,-0.001679191
2006-09-01,1.115973762,6.0,1.4049239390000001,38011.25131,584.3825,2219.067529,599.2576,31511.99161,8399.724109,13770.965180000001,21080.583609999998,71.85772008,38.59965125,60203,68.6,63.8,5388787.695,1011,249715.1929,943,1071,-0.0028488890000000003,0.0,-0.001513194,-0.008290795,-0.048404179000000006,0.001162672,-0.044900483,-0.165309389,-0.20535954,-0.182495557,0.0,0.0,0.0,0.0,0.001242821,-0.11237928,-0.001937419
2006-10-01,1.128825636,6.0,1.4,38005.50262,602.985,2323.952259,584.9570832999999,29444.0,7213.0,11460.0,17417.0,71.59484352,38.62431865,60203,68.1,63.5,5395324.919,1132,251892.3207,1928,1306,0.011516287,0.0,-0.000151237,0.031832747,-0.023863722,0.0007028830000000001,-0.065625545,-0.14128132,-0.167814322,-0.173789478,0.0,0.0,0.0,0.0,0.001213116,0.119683482,0.008718443000000001
2006-11-01,1.136101773,6.0,1.481363536,38047.1274,613.294,2405.450928,625.9192307999999,26593.584609999998,6657.908351,10664.99154,15113.77502,71.31500141,38.64981413,60203,68.1,63.5,5402146.194,1059,254158.8725,1639,469,0.006445758,0.0,0.00109523,0.017096611,0.070025902,0.00023075599999999998,-0.096808022,-0.07695711200000001,-0.069372466,-0.132240052,0.0,0.0,0.0,0.0,0.001264294,-0.064487633,0.008998098000000001
2006-12-01,1.1513308420000001,6.0,1.633341275,38242.029669999996,625.565,2434.091003,628.3808333,23514.33582,6688.964885,11258.145120000001,14250.149919999998,71.03624809,38.67449283,60203,68.8,64.4,5408811.437999999,763,252814.6881,866,1126,0.01340467,0.0,0.005122654,0.020008348000000002,0.00393278,-0.000156889,-0.115789159,0.004664608,0.055616883,-0.057141588,0.0,0.0,0.0,0.0,0.001233814,-0.279508971,-0.005288757
2007-01-01,1.175894273,6.0,1.8,37090.42509,620.53,2451.197498,628.2828,22344.0,6793.0,12144.0,14329.0,70.74,38.7,61210,69.5,64.9,5415765.0,824,262393.5643,1192,3080,0.021334815,0.0,-0.030113584,-0.008048724,-0.000156009,7.13e-05,-0.049771162,0.015553246000000001,0.078685687,0.005533281,0.043288399000000005,0.011093438999999998,0.0,0.009803922,0.001285599,0.079947575,0.037888923
2007-02-01,1.17098925,6.0,1.965483352,37338.82811,643.705,2482.6868449999997,664.2295833,23606.47333,6884.774192,13119.1699,15322.19456,70.43541444,38.7255131,61210,69.2,64.5,5422785.79,1020,269456.0098,497,634,-0.004171313,0.0,0.006697228,0.037347107000000004,0.057214336,0.00041244199999999995,0.056501670999999996,0.013510112,0.080300552,0.069313599,0.0,0.0,0.0,0.0,0.001296362,0.237864078,0.026915467999999998
2007-03-01,1.1684642729999999,6.0,2.1064708640000003,37392.562139999995,667.23,2401.696811,654.2734615,26523.01508,7019.019248999999,14133.175659999999,16958.46402,70.15313867,38.748562299999996,61210,69.0,64.1,5429184.932999999,1344,272016.532,746,574,-0.0021562770000000003,0.0,0.0014390929999999998,0.036546244,-0.014988976999999999,0.000640367,0.12354838900000001,0.019498832,0.077291915,0.106790803,0.0,0.0,0.0,0.0,0.001180047,0.317647059,0.009502561
2007-04-01,1.1346045790000001,6.0,2.2,37430.12427,704.5325,2496.3875,678.6968182,29478.0,7665.0,15805.0,19256.0,69.83268503,38.774086700000005,61210,68.8,63.9,5436333.6729999995,1390,271089.5547,1019,818,-0.028977945,0.0,0.001004535,0.05590650900000001,0.037328973,0.000826739,0.111412104,0.09203290800000001,0.11829077800000001,0.135480193,0.0,0.0,0.0,0.0,0.001316724,0.03422619,-0.003407798
2007-05-01,1.095032409,6.0,2.219637623,37585.58885,712.0319999999999,2559.3581649999996,667.4284615,31714.741439999998,8856.326262999999,18034.890059999998,21913.89877,69.51463022,38.79879339,61210,68.7,64.0,5443315.818,1611,275813.0043,1564,446,-0.034877499,0.0,0.004153461,0.010644647,-0.016602931,0.0008898619999999999,0.075878331,0.15542417,0.141087635,0.138029641,0.0,0.0,0.0,0.0,0.001284348,0.158992806,0.017423945
2007-06-01,1.065202048,6.0,2.184729019,37719.029039999994,661.485,2595.659994,654.3766667,33256.761210000004,10431.37332,20546.14155,24682.966419999997,69.17777059,38.82432947,61210,68.9,64.2,5450596.846,1561,276792.9962,1112,985,-0.027241533,0.0,0.003550302,-0.070989787,-0.019555347,0.00101422,0.048621545999999995,0.17784429,0.13924407,0.126361251,0.0,0.0,0.0,0.0,0.001337609,-0.031036623,0.0035531029999999997
2007-07-01,1.0511876359999999,6.1875,2.2,37569.49129,630.5575,2658.823335,664.3623077000001,33291.0,10919.0,20760.0,24962.0,68.84383903,38.84904746,61210,68.9,64.2,5457707.011,1463,270624.285,1465,1752,-0.013156576000000001,0.03125,-0.003964517,-0.046754650999999994,0.015259775,0.00108492,0.001029529,0.04674616400000001,0.010408691,0.011304702,0.0,0.0,0.0,0.0,0.001304475,-0.062780269,-0.02228637
2007-08-01,1.058613348,6.25,2.2845047419999998,37738.81998,580.992,2539.437394,664.4985184999999,31694.14611,10110.668290000001,18265.359,22343.21459,68.50063518,38.87457503,61210,68.9,64.3,5465084.573,1404,272197.4687,1189,536,0.007064116,0.01010101,0.00450708,-0.078605837,0.000205025,0.001229766,-0.047966534000000005,-0.07402983,-0.120165751,-0.104910881,0.0,0.0,0.0,0.0,0.00135177,-0.040328092999999995,0.005813165
2007-09-01,1.0273673,6.25,2.408040974,37749.55749,580.955,2630.801038,709.0408,28743.068489999998,8258.636116,13675.94569,17474.07014,68.17128986,38.900064,61210,68.5,64.0,5472450.494,1138,294180.6977,2329,930,-0.029516015,0.0,0.000284522,-6.37e-05,0.06703142299999999,0.001260793,-0.093111126,-0.18317603899999998,-0.251263241,-0.217924973,0.0,0.0,0.0,0.0,0.001347815,-0.18945868899999999,0.080762063
2007-10-01,0.976394565,6.25,2.4,37723.07782,606.064,2778.275221,753.9519231,26227.0,7023.0,10797.0,14385.0,67.86578851,38.92469394,61210,68.7,64.3,5479567.632,1324,292034.6307,1821,804,-0.049614909000000006,0.0,-0.000701457,0.043220215,0.063340675,0.000827617,-0.08753653,-0.149617455,-0.210511635,-0.17678023,0.0,0.0,0.0,0.0,0.00130054,0.16344464,-0.007295064
2007-11-01,0.964432,6.25,2.232757975,37742.27178,602.7675,2672.509068,805.6242308,24246.0654,6576.287967,10021.39379,13489.18422,67.56376439,38.95010684,61210,68.8,64.1,5486910.464,1373,297651.13399999996,1463,1516,-0.012251773999999998,0.0,0.000508812,-0.005439195,0.068535282,0.00038152,-0.07553035400000001,-0.06360701,-0.07183534400000001,-0.062274298,0.0,0.0,0.0,0.0,0.0013400379999999998,0.037009062999999995,0.019232318999999998
2007-12-01,1.003404895,6.0,1.9562354990000002,37517.40767,562.095,2666.2535399999997,802.0504167,23071.176059999998,6828.032716,11147.45874,14586.23643,67.28470292,38.97466316,61210,68.8,64.0,5494005.257999999,946,298944.24,278,872,0.040410205,-0.04,-0.005957885,-0.067476266,-0.004436081,4.47e-07,-0.048456907,0.038280676,0.112366101,0.081328284,0.0,0.0,0.0,0.0,0.00129304,-0.310997815,0.0043443679999999995
2008-01-01,1.009804045,5.9,1.8,37593.785130000004,589.534,2420.764323,883.2168,23531.0,7039.0,12655.0,16113.0,67.01,39.0,62301,68.6,64.0,5501325.0,924,284193.3496,1455,718,0.006377435999999999,-0.016666667,0.0020357870000000003,0.048815592000000005,0.101198605,0.000183113,0.019930668000000002,0.030897228,0.135236317,0.10467152199999999,0.10482256599999999,-0.0012146560000000002,0.0,0.009708738,0.001332314,-0.023255814,-0.049343284
2008-02-01,0.9995269520000001,5.75,1.816489939,37600.59698,627.4875,2330.364514,920.2936,25842.44451,7074.707884,14247.75886,17768.19097,66.74918162,39.02529818,62301,69.0,64.6,5508633.009,973,283936.036,2187,2525,-0.010177314,-0.025423729,0.00018119599999999998,0.064378814,0.041979274000000004,0.000462065,0.098229761,0.0050728629999999995,0.125860044,0.10272394800000001,0.0,0.0,0.0,0.0,0.001328409,0.053030303,-0.0009054169999999999
2008-03-01,0.999381737,5.25,1.984316392,37586.59582,667.895,2254.800989,964.3986957000001,29318.053139999996,7044.613743000001,15808.143090000001,19399.487540000002,66.51776001,39.04892922,62301,69.5,64.7,5515458.91,1117,288849.2462,2561,1796,-0.000145284,-0.086956522,-0.000372365,0.064395705,0.047925027,0.00067095,0.134492255,-0.004253764,0.10951787199999999,0.09180994099999999,0.0,0.0,0.0,0.0,0.001239128,0.147995889,0.017303933
2008-04-01,1.013604455,5.05,2.3,37724.482,707.674,2366.03044,910.3616,32002.0,7583.0,17506.0,21008.0,66.28381495,39.07415258,62301,68.9,64.6,5522744.208,1371,295366.6907,2847,1582,0.014231516999999999,-0.038095238,0.0036684929999999997,0.059558763,-0.056031905,0.000881058,0.091545876,0.07642523400000001,0.107403944,0.082915204,0.0,0.0,0.0,0.0,0.0013208870000000002,0.227394808,0.022563481
2008-05-01,0.9983613809999999,4.75,2.735410608,37733.81882,734.54,2480.220947,887.8603704,33202.87278,8765.459909000001,19171.35175,22396.41934,66.07063643,39.09852547,62301,69.7,65.2,5529783.324,1462,296104.1553,1826,1752,-0.015038483,-0.059405941,0.0002475,0.037963807999999995,-0.024716804,0.000999175,0.037524929,0.15593563300000002,0.095130341,0.06609003,0.0,0.0,0.0,0.0,0.001274569,0.06637490900000001,0.002496776
2008-06-01,1.01608781,4.75,3.248227998,37878.84785,715.0575,2434.965239,887.7728,33045.91766,10412.48027,20610.6979,23450.70347,65.86401256,39.12367277,62301,68.4,63.9,5537045.533,1365,297700.7766,3682,2160,0.017755523,0.0,0.0038434759999999998,-0.026523402,-9.86e-05,0.001171376,-0.004727155,0.18789891,0.07507796900000001,0.04707378,0.0,0.0,0.0,0.0,0.00131329,-0.066347469,0.005392094
2008-07-01,1.013017435,4.75,3.4,37969.94425,720.952,2276.4145399999998,939.4948148,31798.0,10950.0,20001.0,22929.0,65.67727392,39.14797205,62301,68.1,63.4,5544062.305,1351,297018.5396,748,987,-0.003021761,0.0,0.002404941,0.008243393,0.058260418,0.001198735,-0.037763141,0.05162264,-0.029581622999999998,-0.022246815,0.0,0.0,0.0,0.0,0.0012672410000000001,-0.01025641,-0.002291687
2008-08-01,1.052872429,4.75,3.1294971560000002,37961.53891,671.8025,2384.9147829999997,834.8632,29421.113269999998,10155.50988,16997.08763,20589.92531,65.48436211,39.17314498,62301,68.0,63.5,5551340.497,1149,285999.9243,3777,472,0.039342851,0.0,-0.000221368,-0.068173055,-0.111370082,0.001293723,-0.074749567,-0.072556175,-0.15018810900000001,-0.102013812,0.0,0.0,0.0,0.0,0.00131279,-0.149518875,-0.037097398999999996
2008-09-01,1.0580479999999999,4.75,2.505834438,38017.65505,643.6225,2220.6833260000003,821.0272,26187.65207,8267.474798000001,12245.76616,16923.27763,65.27628689,39.19849632,62301,68.1,63.5,5558690.352999999,1058,288207.7949,3674,1984,0.004915668,0.0,0.001478237,-0.041946852,-0.016572775,0.0012738139999999998,-0.10990274800000001,-0.18591238699999998,-0.279537388,-0.178079698,0.0,0.0,0.0,0.0,0.0013239789999999999,-0.079199304,0.007719829
2008-10-01,1.176903,4.35,2.0,37943.28455,560.048,1741.1352219999999,807.6392592999999,23572.0,6888.0,9541.0,14794.0,65.06047179,39.22319987,62301,68.7,63.7,5565871.392000001,956,274819.0847,3677,1072,0.11233422300000001,-0.084210526,-0.00195621,-0.129850184,-0.01630633,0.0008101689999999999,-0.09988112199999999,-0.16685564,-0.22087357600000002,-0.125819459,0.0,0.0,0.0,0.0,0.0012918580000000001,-0.096408318,-0.04645505900000001
2008-11-01,1.2182486000000001,4.0,1.6496207280000001,37535.51452,498.35,1549.924734,753.3944,21618.29667,6169.906581,9287.294182,14501.277680000001,64.82252914,39.24890252,62301,68.2,63.0,5573362.35,622,266543.2283,1815,2333,0.035130848,-0.08045977,-0.01074683,-0.110165557,-0.067164713,0.000335519,-0.08288237400000001,-0.10425281900000001,-0.026591114,-0.019786556,0.0,0.0,0.0,0.0,0.0013458729999999998,-0.349372385,-0.030113834
2008-12-01,1.235212143,3.6,1.4484265490000001,36956.44483,456.254,1521.1741060000002,816.115,20555.288,6057.958672,11122.180040000001,15780.90259,64.57781008,39.27394604,62301,68.7,63.2,5580679.94,494,266159.1862,1479,2280,0.013924533000000001,-0.1,-0.015427248000000001,-0.08447075300000001,0.083250685,-6.6e-05,-0.049171713,-0.018144182,0.19756947800000002,0.08824221800000001,0.0,0.0,0.0,0.0,0.001312958,-0.205787781,-0.001440825
2009-01-01,1.226639476,3.25,1.2,36648.64808,469.2175,1539.3229919999999,856.3739999999999,20963.0,5901.0,12767.0,16924.0,64.31,39.3,62934,68.5,62.5,5588312.0,479,257618.9666,1200,910,-0.0069402380000000005,-0.097222222,-0.008328635,0.028412902,0.049330057999999996,0.000123955,0.019834896,-0.025909499,0.147886471,0.07243549,0.037555592,0.0035287779999999998,0.028012072000000002,0.009615385,0.001367586,-0.030364372,-0.032086887
2009-02-01,1.2468436,3.0,0.880056359,36516.43322,474.9975,1486.46947,934.4552381000001,23009.420990000002,5595.4150039999995,13758.590559999999,17587.65292,64.02701139,39.32623249,62934,68.8,62.4,5596015.767999999,681,267550.0573,1086,2368,0.016471118,-0.076923077,-0.003607633,0.012318381000000002,0.091176563,0.000418015,0.09762061699999999,-0.05178529,0.077668251,0.039213715,0.0,0.0,0.0,0.0,0.00137855,0.4217119000000001,0.038549532000000004
2009-03-01,1.2627541820000001,2.5,0.53216486,36212.13705,488.6875,1428.38319,922.0614286,26039.66662,5282.521743,14219.347590000001,17860.73009,63.7583625,39.350079799999996,62934,69.4,63.1,5603035.643999999,986,277731.0558,2699,908,0.012760688000000001,-0.166666667,-0.00833313,0.028821204,-0.013263138999999998,0.000614327,0.131695866,-0.055919580999999996,0.03348868,0.015526641,0.0,0.0,0.0,0.0,0.001254442,0.44787077799999997,0.038052687
2009-04-01,1.22725655,2.4,0.1,36062.45877,504.004,1630.092384,887.7847367999999,29090.0,5542.0,15149.0,18412.0,63.44648571,39.37665208,62934,68.6,62.4,5610875.887,1302,286062.37100000004,915,2682,-0.028111276,-0.04,-0.004133373,0.031342115,-0.037173978999999996,0.0008299510000000001,0.117141799,0.049120149,0.065379399,0.030864915,0.0,0.0,0.0,0.0,0.001399285,0.320486815,0.02999778
2009-05-01,1.1514024,2.25,-0.362412836,36011.04297,522.7,1725.0454960000002,924.3554545,31486.127589999996,6499.992246,16608.652990000002,19289.53758,63.13021749,39.40253717,62934,68.5,61.8,5618531.494,1529,281881.7351,1207,2652,-0.061807900000000006,-0.0625,-0.001425743,0.037094944,0.041193226,0.000935285,0.08236946,0.17286038399999998,0.09635309199999999,0.047661176,0.0,0.0,0.0,0.0,0.0013644229999999998,0.174347158,-0.014614421
2009-06-01,1.124580682,2.25,-0.823618767,36056.71196,547.95,1825.065446,942.7519048,33191.285469999995,7995.447533,18355.33289,20263.291869999997,62.78847327,39.42946075,62934,68.0,61.0,5626512.839,1752,304015.411,1825,1412,-0.023294826,0.0,0.001268194,0.048306867999999996,0.019901922,0.001102963,0.054155845999999994,0.230070319,0.105166861,0.050480955999999993,0.0,0.0,0.0,0.0,0.001420539,0.145846959,0.078521143
2009-07-01,1.123503348,2.25,-0.9,36033.77003,551.3240000000001,1866.3436219999999,929.9434783,32979.0,8654.0,18343.0,19631.0,62.44330108,39.45568582,62934,68.1,61.2,5634304.997,1675,302291.4412,942,902,-0.000957987,0.0,-0.000636273,0.006157496,-0.013586211,0.001200932,-0.00639582,0.082365929,-0.000671897,-0.031203808,0.0,0.0,0.0,0.0,0.0013849,-0.043949772000000005,-0.0056706659999999996
2009-08-01,1.087955714,2.25,-0.534366213,36089.58653,586.0675,1995.94143,945.7671429,30638.613060000003,8294.636046,16230.54826,17061.955719999998,62.07808359,39.48243315,62934,68.1,61.1,5642363.691000001,1390,300939.4496,1607,503,-0.031639989,0.0,0.001549005,0.063018298,0.017015726999999998,0.0013788560000000001,-0.070965977,-0.041525763,-0.115163918,-0.130866705,0.0,0.0,0.0,0.0,0.001430291,-0.17014925399999997,-0.004472477
2009-09-01,1.081821773,2.25,0.19789015,36449.82927,566.0,2080.765247,991.8709524,26637.89398,7082.643918000001,12539.11014,13106.52564,61.71179292,39.50819526,62934,67.2,61.0,5650353.454,1423,315820.3443,1631,797,-0.005638043000000001,0.0,0.009981903,-0.034240936,0.048747527,0.001430806,-0.130577682,-0.146117578,-0.22743767199999998,-0.231827473,0.0,0.0,0.0,0.0,0.001416031,0.023741007,0.049448136
2009-10-01,1.054265682,2.25,0.8,36459.362369999995,579.72,2128.3818079999996,1039.7208699999999,23834.0,6190.0,10431.0,10956.0,61.35631201,39.53218695,62934,67.8,61.4,5658019.695,1417,323766.0134,2716,1103,-0.025471932000000003,0.0,0.00026154,0.024240282999999998,0.04824207900000001,0.0009661289999999999,-0.105259597,-0.126032584,-0.168122787,-0.164080528,0.0,0.0,0.0,0.0,0.001356772,-0.004216444000000001,0.025158826000000002
2009-11-01,1.0597757140000001,2.25,1.2371980040000001,36685.5935,596.14,2137.077515,1121.422381,22475.4713,5736.743832,10253.59565,10959.80853,60.98794213,39.55600768,62934,68.3,61.6,5665873.496,1343,317861.9173,1029,1904,0.005226417,0.0,0.006205021,0.028324018,0.078580236,0.000490529,-0.05699961,-0.073223937,-0.017007416,0.000347621,0.0,0.0,0.0,0.0,0.0013880829999999998,-0.052223005999999995,-0.018235688
2009-12-01,1.0536575000000001,2.25,1.486752752,36715.17538,620.4540000000001,2219.700007,1130.179048,22658.34636,5696.383815,11763.26202,12827.03968,60.63044908,39.57812063,62934,67.7,61.2,5673408.161,1118,321804.8658,748,1836,-0.0057731219999999995,0.0,0.0008063619999999999,0.040785721000000004,0.007808536,7.859999999999999e-05,0.008136651,-0.007035353,0.14723287599999998,0.170370782,0.0,0.0,0.0,0.0,0.0013298329999999999,-0.16753536900000002,0.012404595
2010-01-01,1.0427009,2.25,1.6,36911.44251,620.4125,2274.918431,1116.997895,24448.0,5713.0,13444.0,14840.0,60.26,39.6,65402,68.1,62.0,5681126.0,931,310811.9527,700,1960,-0.010398635,0.0,0.0053456680000000005,-6.69e-05,-0.011662889,0.000269958,0.07898430099999999,0.002916971,0.142880264,0.15693101199999998,0.041117638,0.038739669,0.03639443,0.03047619,0.001360353,-0.16726297,-0.034160183
2010-02-01,1.05610475,2.25,1.5720004930000002,37147.89431,594.09,2189.1799960000003,1093.0914289999998,27873.390410000004,5730.3579549999995,14979.56265,16632.53856,59.88849427,39.62089277,65402,68.3,61.7,5688774.744,1289,334339.1032,1745,774,0.012854933,0.0,0.006405921,-0.042427417,-0.021402427,0.00056076,0.140109228,0.0030383259999999996,0.11421918,0.120791008,0.0,0.0,0.0,0.0,0.0013463429999999998,0.38453276,0.075695771
2010-03-01,1.023633913,2.25,1.451586274,37344.15563,613.966,2356.871306,1110.825,32024.71933,5802.0915,16243.870319999998,18017.70488,59.552032499999996,39.63891565,65402,67.8,61.5,5695623.897000001,1714,327584.4212,905,934,-0.030745849,0.0,0.005283242,0.03345621,0.016223319,0.0007406569999999999,0.14893519800000002,0.012518161000000002,0.084402175,0.083280511,0.0,0.0,0.0,0.0,0.001203977,0.329712956,-0.020203086999999998
2010-04-01,1.00457115,2.25,1.4,37299.26249,639.85,2473.290969,1144.2,35311.0,6338.0,17523.0,18976.0,59.17851573,39.65793071,65402,67.7,61.3,5703141.137,1781,325237.9882,1730,2121,-0.018622637,0.0,-0.001202147,0.042158685999999994,0.030045237000000002,0.0009690769999999999,0.102617001,0.09236471,0.07874537599999999,0.053186304000000004,0.0,0.0,0.0,0.0,0.0013198270000000002,0.039089847999999996,-0.007162835
2010-05-01,1.039673762,2.25,1.460963861,37533.68525,614.9225,2324.919006,1199.433333,36794.64655,7374.748927,18642.5205,19278.5537,58.81604182,39.675393,65402,67.9,61.6,5710350.096,1535,340555.6,2145,721,0.034942883,0.0,0.006284916999999999,-0.03895835,0.048272447,0.0010694580000000001,0.042016554000000005,0.163576669,0.063888632,0.015944019,0.0,0.0,0.0,0.0,0.0012640330000000001,-0.13812464900000002,0.047096625999999996
2010-06-01,1.038186364,2.5,1.624467937,37668.63182,591.09,2243.438188,1229.671429,36600.10352,8774.370529,19486.75891,18949.19958,58.44044585,39.69246668,65402,68.0,61.9,5717731.373,1432,332991.9232,1429,3030,-0.001430639,0.111111111,0.0035953459999999997,-0.038756917,0.025210318,0.001240319,-0.005287265,0.18978566100000002,0.045285637000000004,-0.017083964,0.0,0.0,0.0,0.0,0.0012926139999999999,-0.067100977,-0.022209815
2010-07-01,1.0433401820000001,2.625,1.8,37609.65273,590.18,2206.47955,1192.386364,34885.0,9270.0,18920.0,18030.0,58.0759598,39.70805023,65402,68.3,62.2,5724808.757,1108,332094.3132,1460,2856,0.004964250999999999,0.05,-0.001565735,-0.001539529,-0.030321161,0.001328217,-0.046860619000000006,0.056486043,-0.029084309,-0.048508623,0.0,0.0,0.0,0.0,0.001237796,-0.226256983,-0.002695591
2010-08-01,1.0402966359999999,2.75,1.98518801,37767.77236,615.0925,2204.352284,1210.738182,31560.530539999996,8687.594957,16714.15223,16463.338359999998,57.70484821,39.72361583,65402,69.1,62.3,5732085.4229999995,1143,330952.196,1873,2572,-0.0029171170000000003,0.047619048,0.00420423,0.042211698,0.015390832,0.001503774,-0.095297964,-0.062826865,-0.116588148,-0.086891938,0.0,0.0,0.0,0.0,0.001271076,0.031588448,-0.003439135
2010-09-01,1.0344010000000001,2.9,2.166877574,37831.5482,629.536,2292.121431,1265.099048,27028.46815,7235.356881000001,13298.6238,14460.65592,57.3471591,39.73915069,65402,68.0,61.4,5739362.151000001,1089,329329.8595,1803,2049,-0.005667265,0.054545455,0.0016886310000000001,0.023481834,0.044898944,0.0015423320000000002,-0.143599056,-0.167162268,-0.204349487,-0.121644979,0.0,0.0,0.0,0.0,0.0012694730000000001,-0.047244094,-0.004902027
2010-10-01,1.018332238,3.0,2.3,37985.741,664.42,2437.522856,1338.891429,23471.0,6299.0,11178.0,13128.0,57.01380448,39.75415619,65402,67.8,62.0,5746404.284,1169,337753.6972,746,2001,-0.015534363999999998,0.034482759,0.0040757729999999995,0.05541224,0.058329331,0.001025937,-0.13161930300000002,-0.129414056,-0.159461899,-0.092157363,0.0,0.0,0.0,0.0,0.001226989,0.073461892,0.025578724
2010-11-01,1.0125629999999999,3.0,2.386956357,38121.45528,671.0775,2529.120943,1366.552727,20976.1997,6029.381182,10595.055470000001,12544.321609999999,56.68256073,39.76963272,65402,67.6,62.0,5753681.297,1253,340879.7829,3299,1739,-0.005665379,0.0,0.0035727690000000004,0.010020016999999999,0.020659852,0.000497079,-0.106292885,-0.042803432,-0.052151058,-0.044460572000000004,0.0,0.0,0.0,0.0,0.0012663589999999999,0.071856287,0.009255519
2010-12-01,1.008083652,3.0,2.442564563,38383.62021,680.454,2629.975009,1389.525714,19744.60742,6330.419451,11389.707,12706.29702,56.374798399999996,39.78458179,65402,68.5,62.7,5760723.704,892,342008.5404,829,1320,-0.004423772,0.0,0.006877096,0.013972306,0.016810903999999998,3.27e-05,-0.05871379400000001,0.049928550999999995,0.075002112,0.01291225,0.0,0.0,0.0,0.0,0.001223983,-0.28810854,0.0033113070000000003
2011-01-01,0.993814,3.0,2.6,38426.33449,696.1625,2716.4974850000003,1360.636316,19945.0,6503.0,12362.0,13365.0,56.07,39.8,66611,68.8,63.0,5768001.0,805,327867.882,1420,2197,-0.014155226000000002,0.0,0.0011128260000000001,0.023085322000000002,-0.020790833999999998,0.000176032,0.010149231,0.027262103,0.08536593599999999,0.051840672000000004,0.020509302,0.017978044,0.028942877000000002,0.003696858,0.0012632610000000001,-0.097533632,-0.041345922
2011-02-01,0.9879476,3.0,2.8805029610000004,38441.150989999995,729.1,2777.054739,1367.5315,21684.15408,6415.637324,13280.29282,14480.04533,55.77864105,39.81538857,66611,67.8,62.3,5775278.44,1158,355614.5363,2067,2215,-0.005902915,0.0,0.000385582,0.047312948,0.005067617,0.000420795,0.087197497,-0.013434211000000001,0.074283515,0.083430253,0.0,0.0,0.0,0.0,0.001261692,0.438509317,0.084627546
2011-03-01,0.976598348,3.0,3.2053403260000004,38570.24042,726.7660000000001,2722.8556489999996,1417.43,24333.07399,6217.718666,14157.9822,15873.4193,55.52702962,39.82926245,66611,67.7,61.9,5781851.7360000005,1645,352319.9009,2878,921,-0.011487707,0.0,0.003358105,-0.003201207,0.036488007999999995,0.000577758,0.122159246,-0.030849415,0.06608961099999999,0.09622718300000001,0.0,0.0,0.0,0.0,0.001138178,0.42055267700000004,-0.009264625
2011-04-01,0.957986474,3.0,3.4,38603.70151,741.61,2796.007019,1470.6838890000001,26719.0,6610.0,15857.0,17801.0,55.26124896,39.84459462,66611,68.0,62.2,5789129.45,1427,351763.2761,3262,1149,-0.01905786,0.0,0.0008675369999999999,0.020424731,0.037570736,0.00076948,0.09805279900000001,0.063090879,0.120004234,0.12143449699999999,0.0,0.0,0.0,0.0,0.001258717,-0.132522796,-0.001579885
2011-05-01,0.967781227,3.0,3.385313434,38482.15679,726.095,2815.413783,1510.328182,28209.980310000003,7717.033923999999,18333.777980000003,20044.8816,55.01683802,39.85940397,66611,67.8,62.1,5796172.5370000005,1575,355347.393,2173,1905,0.010224313,0.0,-0.003148525,-0.0209207,0.026956366000000002,0.000860447,0.05580225,0.167478657,0.156194613,0.126053682,0.0,0.0,0.0,0.0,0.001216605,0.103714085,0.010189003
2011-06-01,0.9774402729999999,3.0,3.190534417,38681.193960000004,723.56,2688.829113,1524.748571,28901.88186,9362.482990999999,21272.488230000003,22386.72357,54.77750273,39.87467782,66611,67.6,61.9,5803450.535,1746,358880.92100000003,2437,4778,0.009980608,0.0,0.005172194000000001,-0.0034912790000000003,0.009547851999999999,0.001010302,0.024526836,0.213222992,0.160289399,0.116829923,0.0,0.0,0.0,0.0,0.001255656,0.108571429,0.009943869000000001
2011-07-01,0.956142095,3.0,3.0,38872.05459,775.6525,2809.688525,1564.927143,28730.0,10019.0,21751.0,22585.0,54.55868408,39.88943073,66611,66.9,61.5,5810493.896000001,1452,353189.0716,3273,1822,-0.021789747999999998,0.0,0.004934197,0.071994721,0.026350949,0.001104835,-0.005947081999999999,0.070122104,0.022494396,0.008856876,0.0,0.0,0.0,0.0,0.001213651,-0.16838488,-0.015859994
2011-08-01,0.981016478,3.0,2.831240783,39143.83043,779.668,2509.078252,1755.110435,27679.344210000003,9480.213042,19320.267630000002,20284.99669,54.32614717,39.90518691,66611,66.8,61.4,5817749.834,1393,364437.2268,2337,2064,0.026015362,0.0,0.006991548,0.005176932,0.12152852800000001,0.001274435,-0.036569989,-0.05377652,-0.111752672,-0.10183765,0.0,0.0,0.0,0.0,0.0012487639999999999,-0.040633609,0.031847403999999996
2011-09-01,1.002049136,3.0,2.693169515,39314.57143,761.995,2526.572893,1775.912727,25864.98187,7959.108379,14626.07399,16087.228819999998,54.06370895,39.92210611,66611,66.8,61.3,5824956.627,1355,350145.7255,2298,2999,0.021439657999999997,0.0,0.0043618879999999995,-0.02266734,0.011852412,0.001334574,-0.065549325,-0.160450473,-0.24296732,-0.20693953899999998,0.0,0.0,0.0,0.0,0.00123876,-0.027279253,-0.039215262
2011-10-01,1.020363,3.0,2.6,39257.5993,711.98,2585.8481100000004,1660.0420000000001,24043.0,6914.0,11722.0,13683.0,53.78121809,39.93958823,66611,66.4,60.7,5831884.095,1358,367714.7835,2573,1045,0.018276413000000002,0.0,-0.001449135,-0.065636914,-0.065245733,0.000951893,-0.070442032,-0.13130973099999999,-0.198554581,-0.149449532,0.0,0.0,0.0,0.0,0.001189274,0.002214022,0.050176417
2011-11-01,1.025251636,3.0,2.547367093,39287.64925,720.312,2609.4104820000002,1734.2936359999999,22200.61006,6499.180472999999,11038.18932,13481.72493,53.45984187,39.95879872,66611,66.6,60.9,5838994.07,1337,364980.9843,1094,1525,0.004791076,0.0,0.000765455,0.011702576000000001,0.04472877,0.000568697,-0.076628954,-0.059997039,-0.058335667,-0.014709864,0.0,0.0,0.0,0.0,0.001219156,-0.015463918,-0.007434564
2011-12-01,1.022959524,3.0,2.520237085,39442.35424,717.01,2607.424293,1646.671,20671.5812,6630.736548,12344.51825,15227.44142,53.12031423,39.97849821,66611,66.1,60.6,5845827.844,943,351104.5069,2406,1081,-0.002235659,0.0,0.003937751,-0.004584125,-0.05052353,0.00021800599999999997,-0.068873281,0.020241948,0.118346306,0.129487621,0.0,0.0,0.0,0.0,0.001170368,-0.294689604,-0.038019727
2012-01-01,1.013069818,3.0,2.4,39350.36818,741.085,2737.268982,1647.4185,20716.0,6616.0,13990.0,17332.0,52.74,40.0,68088,66.6,60.4,5852841.0,775,343835.3535,3096,2615,-0.009667739,0.0,-0.002332165,0.033576938,0.000453946,0.00031544,0.002148786,-0.00222246,0.133296555,0.13820828599999999,0.027568172999999998,0.020816894,0.046481259000000004,0.001841621,0.0011996860000000002,-0.178154825,-0.020703674
2012-02-01,0.997674952,3.0,2.1666927680000003,39246.72822,776.76,2923.0499879999998,1740.488095,22637.1731,6331.875668,15647.90886,19459.6703,52.32973367,40.02266621,68088,65.9,60.4,5859804.954,1212,371333.7434,1931,851,-0.015196254,0.0,-0.002633773,0.048138877000000004,0.056494203,0.00047878,0.09273861300000001,-0.042945032,0.118506709,0.12275965300000001,0.0,0.0,0.0,0.0,0.001189842,0.5638709679999999,0.079975458
2012-03-01,0.993943545,3.0,1.8670032730000001,39335.50174,761.2,3031.825473,1672.181818,25735.937169999997,5938.92536,17167.14041,21399.86394,51.91882029,40.04492425,68088,66.6,60.7,5866275.0770000005,1584,361800.3813,3639,2344,-0.003740103,0.0,0.0022619339999999997,-0.020031926999999998,-0.039245472,0.000595719,0.136888297,-0.062059069,0.097088471,0.099703315,0.0,0.0,0.0,0.0,0.001104153,0.30693069300000003,-0.025673299
2012-04-01,0.992872421,3.0,1.6,39481.99652,740.375,3036.823511,1647.380556,27773.0,6166.0,18469.0,22943.0,51.45058214,40.069844200000006,68088,66.4,60.5,5873143.799,1534,360806.8357,4563,889,-0.001077651,0.0,0.003724238,-0.027358119,-0.014831678000000001,0.000795589,0.079152464,0.038234971,0.075834388,0.07210962,0.0,0.0,0.0,0.0,0.001170883,-0.031565657000000004,-0.002746115
2012-05-01,1.0101908640000001,3.0,1.41611502,39559.075489999996,721.682,2905.025457,1586.114783,28071.4516,7145.196529999999,19366.725319999998,23839.24579,50.96893007,40.09506896,68088,66.7,60.5,5879744.102000001,1632,368147.4161,3399,2005,0.017442766999999998,0.0,0.001952256,-0.025248016,-0.037189812,0.000925943,0.010746106000000002,0.158805795,0.048607143,0.039064019,0.0,0.0,0.0,0.0,0.001123811,0.063885267,0.020344904
2012-06-01,1.027831,3.0,1.295173075,39597.44135,699.885,2849.240932,1592.9185710000002,26920.78849,8687.545173,19774.336369999997,23995.00724,50.44175392,40.12228019,68088,66.9,61.1,5886516.007,1415,364597.2587,2796,979,0.017462182,0.0,0.000969837,-0.030203052999999997,0.004289594,0.001104908,-0.04099051,0.21585811300000002,0.021046979,0.006533825,0.0,0.0,0.0,0.0,0.001151735,-0.132965686,-0.009643304
2012-07-01,1.014051182,3.0,1.2,39553.09059,634.365,2919.455729,1588.647727,25927.0,9249.0,18837.0,22529.0,49.90306506,40.14972233,68088,67.1,61.4,5893022.615,1246,347996.5201,2863,1476,-0.013406696000000001,0.0,-0.001120041,-0.09361538,-0.0026811440000000003,0.001139931,-0.036915282,0.064627558,-0.04740166,-0.061096345,0.0,0.0,0.0,0.0,0.0011053410000000001,-0.119434629,-0.045531715
2012-08-01,0.993163696,3.0,1.116334665,39561.17073,684.0260000000001,3029.418691,1623.557391,25293.4333,8612.741787,16346.398769999998,19190.14648,49.34744061,40.17809909,68088,67.2,61.3,5899691.659,1072,349488.6045,3988,1541,-0.020598059,0.0,0.00020428599999999997,0.078284584,0.021974452999999998,0.001238054,-0.02443656,-0.068792109,-0.132218571,-0.148202473,0.0,0.0,0.0,0.0,0.001131685,-0.13964687,0.004287642
2012-09-01,0.9788093000000001,3.0,1.048162432,39631.664339999996,729.375,3134.770559,1737.5895,24998.31337,7015.748881,12724.57506,14576.67345,48.82694262,40.2052374,68088,67.5,61.8,5906298.607000001,934,377422.1595,2681,1504,-0.014453202,0.0,0.001781889,0.06629718799999999,0.070235958,0.001232759,-0.011667848,-0.18542212800000002,-0.221567072,-0.240408432,0.0,0.0,0.0,0.0,0.00111988,-0.128731343,0.079926941
2012-10-01,0.9866151740000001,3.0,1.0,39560.61672,730.16,3070.490002,1741.379091,24707.0,6029.0,10365.0,11995.0,48.35671223,40.2303199,68088,68.1,62.1,5912633.295,1141,358740.4864,2576,2373,0.007974867,0.0,-0.001792698,0.001076264,0.002180947,0.0008347010000000001,-0.011653321000000001,-0.140647691,-0.185434488,-0.17710991899999998,0.0,0.0,0.0,0.0,0.001072531,0.221627409,-0.049498082
2012-11-01,0.9968633179999999,3.0,0.969139509,39753.25784,714.08,2941.2238190000003,1719.598636,24346.151719999998,5828.96917,9475.77297,11782.13083,47.90540073,40.25501878,68088,67.7,62.1,5919118.0370000005,987,350539.8055,2233,1377,0.010387175,0.0,0.004869517,-0.02202257,-0.012507589,0.000435367,-0.014605103000000001,-0.033178111,-0.08579132,-0.017746492,0.0,0.0,0.0,0.0,0.00109676,-0.134969325,-0.022859647
2012-12-01,0.989644895,3.0,0.950710715,39688.79675,728.58,3001.478491,1683.5526320000001,24084.134530000003,6289.186001,10065.55909,13716.522330000002,47.50212501,40.27774055,68088,68.0,62.2,5925334.4629999995,680,342846.95,3298,1764,-0.007241137,0.0,-0.00162153,0.020305848,-0.020961871,8.3e-05,-0.010762161000000001,0.078953382,0.062241479,0.164180107,0.0,0.0,0.0,0.0,0.001050228,-0.311043566,-0.02194574
2013-01-01,0.992493773,3.0,0.9,39846.2079,672.52,3122.725202,1668.834762,24823.0,6557.0,11865.0,16436.0,47.12,40.3,70311,68.0,62.3,5931697.0,730,340295.2521,970,1479,0.002878687,0.0,0.0039661359999999994,-0.076944193,-0.00874215,0.000207985,0.030678515,0.042583253,0.178772077,0.198262913,0.029082449,0.033551736,0.065360359,-0.007352941,0.001073785,0.073529412,-0.007442673
2013-02-01,1.00896135,3.0,0.809896336,40077.58188,665.41,3170.842619,1627.5910000000001,26740.412519999998,6467.282512,14822.79139,19640.7921,46.77303534,40.32101974,70311,67.8,62.1,5937997.432999999,942,355104.189,2713,1832,0.016592122,0.0,0.005806675,-0.010572176,-0.024714108,0.000410224,0.077243384,-0.013682703999999999,0.249287095,0.19498613399999998,0.0,0.0,0.0,0.0,0.001062164,0.29041095899999997,0.043517905999999995
2013-03-01,1.0247883,3.0,0.711148665,40214.346110000006,643.7975,3230.890003,1589.8995,29170.328410000002,6186.982352,18198.404590000002,22717.08727,46.48986898,40.33893976,70311,67.7,62.1,5943634.767000001,1266,367594.6177,1723,1245,0.015686379,0.0,0.003412487,-0.032479975,-0.023157845,0.000541283,0.090870546,-0.043341258,0.227731276,0.156627856,0.0,0.0,0.0,0.0,0.0009493660000000001,0.343949045,0.035173983
2013-04-01,1.018539714,3.0,0.7,40257.037169999996,627.6775,3248.4441030000003,1483.7979999999998,30392.0,6425.0,20640.0,24648.0,46.2098224,40.35760006,70311,68.3,62.7,5949817.002,1455,382668.2591,1133,3780,-0.0060974409999999995,0.0,0.001061588,-0.025038928999999998,-0.066734721,0.000767549,0.041880625,0.038470717,0.134165355,0.08499825300000001,0.0,0.0,0.0,0.0,0.001040144,0.1492891,0.041006153999999996
2013-05-01,1.021275682,3.0,0.80571647,40348.90128,612.818,3434.4995229999995,1415.45,29756.007739999997,7323.6715810000005,21383.45213,24779.96538,45.97228691,40.37447805,70311,68.1,62.8,5955740.677999999,1499,372767.7872,2355,3572,0.002686167,0.0,0.0022819389999999998,-0.023673782,-0.046062874000000004,0.000907586,-0.020926305,0.13987106300000002,0.036019967,0.005354,0.0,0.0,0.0,0.0,0.000995606,0.03024055,-0.025872206000000002
2013-06-01,1.03095065,3.0,1.003539965,40251.739839999995,598.73,3420.736511,1335.8695,27522.3231,8716.933236,20599.94214,23274.10363,45.76142682,40.39069892,70311,68.5,63.0,5961800.708,1312,369106.3971,2099,1298,0.009473415,0.0,-0.002408032,-0.022988881,-0.056222756,0.001100131,-0.075066678,0.19024087,-0.036640949,-0.060769324000000007,0.0,0.0,0.0,0.0,0.001017511,-0.124749833,-0.009822174
2013-07-01,1.041287783,3.0,1.1,40354.019739999996,579.452,3555.775468,1282.097826,25553.0,9231.0,19031.0,21093.0,45.590846,40.40521617,70311,68.3,62.8,5967606.121,1332,365184.7725,2024,1357,0.010026796999999999,0.0,0.002541006,-0.032198153,-0.040252191,0.001178147,-0.071553665,0.05897335099999999,-0.076162454,-0.093713755,0.0,0.0,0.0,0.0,0.0009737680000000001,0.015243902,-0.010624645
2013-08-01,1.0408575,3.0,1.069721368,40658.01161,594.445,3639.2700090000003,1346.954348,24019.12119,8674.167690999999,16693.64725,18243.5701,45.44407869,40.41981133,70311,68.4,63.1,5973460.247,1280,357571.9953,2782,589,-0.000413222,0.0,0.007533125,0.025874447000000002,0.05058625,0.001326779,-0.060027348,-0.060321992000000005,-0.12281817800000001,-0.135088887,0.0,0.0,0.0,0.0,0.0009809839999999998,-0.039039039,-0.020846371000000002
2013-09-01,1.035215571,3.0,0.940692675,40904.15912,591.0475,3727.9690189999997,1348.495238,23025.4027,7259.423661,13874.388369999999,15088.673209999999,45.32123513,40.43496183,70311,68.5,63.0,5979067.631,1183,366501.4818,2246,1451,-0.005420461999999999,0.0,0.006054096,-0.005715415,0.001143981,0.001348996,-0.041371975,-0.16309853400000002,-0.168882141,-0.17293199,0.0,0.0,0.0,0.0,0.000938716,-0.07578125,0.024972556
2013-10-01,1.036120652,3.0,0.9,41072.04181,591.222,3843.6230570000002,1311.0513039999998,22743.0,6399.0,12002.0,13348.0,45.22512031,40.45015434,70311,68.0,62.5,5984258.994,1347,384441.3987,3034,1549,0.0008742919999999999,0.0,0.0041042940000000005,0.00029523900000000004,-0.027767197999999996,0.0008541410000000001,-0.012264832,-0.118525065,-0.134952858,-0.11536290699999999,0.0,0.0,0.0,0.0,0.0008682560000000001,0.1386306,0.048949097999999996
2013-11-01,1.048297667,3.0,0.9742282520000001,41122.86527,581.3875,3954.125501,1272.846818,23180.206980000003,6253.468323,11167.81968,13169.10727,45.14932659,40.46640172,70311,68.1,62.6,5989380.427999999,1081,385968.3867,2135,1569,0.011752506000000001,0.0,0.001237422,-0.016634192,-0.029140344,0.00034009,0.019223804,-0.022742877999999998,-0.069503442,-0.013402212,0.0,0.0,0.0,0.0,0.000855818,-0.197475872,0.0039719659999999995
2013-12-01,1.0639667,3.0,1.151637387,40877.717769999996,573.3225,4075.538074,1221.1960000000001,24230.97376,6698.256468,11418.57022,14504.282630000002,45.09874388,40.48265574,70311,68.2,62.4,5994101.517000001,799,367375.8936,1949,2323,0.014947122,0.0,-0.005961343000000001,-0.013871986999999999,-0.040578974,-9.97e-05,0.045330345,0.071126633,0.022452954,0.10138693,0.0,0.0,0.0,0.0,0.000788243,-0.260869565,-0.048171026
2014-01-01,1.0936263179999999,3.0,1.4,40897.03136,581.3480000000001,4156.781878,1238.7552380000002,25472.0,6914.0,12726.0,17067.0,45.07,40.5,72370,67.5,62.0,5998737.0,767,366020.5137,2161,1101,0.027876453,0.0,0.000472472,0.01399823,0.014378722,5.870000000000001e-05,0.051216524000000006,0.032208909,0.114500305,0.17668694399999998,0.048678819000000005,0.02439589,0.056855234000000004,-0.022222222000000003,0.0007733410000000001,-0.040050063,-0.003689354
2014-02-01,1.10508995,3.0,1.707168101,41219.493610000005,565.885,4192.3689859999995,1293.863,26789.04856,6741.178795000001,15091.484269999999,20769.91483,45.0651667,40.51790169,72370,68.1,62.6,6003125.525,1031,372627.6547,2750,1518,0.01048222,0.0,0.007884735,-0.026598526,0.044486400999999995,0.000323273,0.051705738,-0.024995835,0.185878066,0.216963428,0.0,0.0,0.0,0.0,0.000731575,0.344198175,0.018051286
2014-03-01,1.11067781,3.0,2.0105466119999997,41279.45528,565.215,4289.5119509999995,1333.0905,27905.504080000002,6378.889229,17901.52853,24700.234930000002,45.08135279,40.53455009,72370,67.7,62.5,6006877.0879999995,1331,384865.43200000003,829,1579,0.005056475,0.0,0.001454692,-0.0011839860000000002,0.030318125,0.000501548,0.041675817999999996,-0.053742762,0.18620065600000002,0.189231402,0.0,0.0,0.0,0.0,0.000624935,0.290979631,0.032841839
2014-04-01,1.09910485,3.0,2.2,41411.75958,579.61,4131.049049,1295.176842,28075.0,6659.0,20079.0,26894.0,45.12202671,40.55351271,72370,67.6,62.5,6010795.595,1505,384758.4159,2725,2230,-0.010419727,0.0,0.003205088,0.025468185,-0.028440423,0.000661209,0.0060739240000000005,0.043912155,0.121636064,0.088815555,0.0,0.0,0.0,0.0,0.000652337,0.130728775,-0.00027806099999999997
2014-05-01,1.088716571,3.0,2.209572258,41614.39024,589.055,4130.021890999999,1285.973636,27018.46487,7753.219940000001,20990.70606,26421.40373,45.18415462,40.57239437,72370,67.0,61.6,6014352.562000001,1565,401809.0173,2113,1804,-0.009451581,0.0,0.004893071,0.01629544,-0.007105752,0.00072608,-0.037632596000000004,0.164321961,0.045405949,-0.017572554,0.0,0.0,0.0,0.0,0.000591763,0.03986711,0.044315084000000005
2014-06-01,1.083528238,3.0,2.074491696,41821.20093,588.27,4323.995233,1275.3980000000001,24872.51715,9444.606365000001,20705.65678,23599.184230000003,45.27187839,40.59245387,72370,66.4,60.9,6017785.119,1578,390568.4791,1389,2307,-0.00476555,0.0,0.004969692,-0.001332643,-0.008223836,0.000850469,-0.079425228,0.218152772,-0.013579785,-0.10681565300000001,0.0,0.0,0.0,0.0,0.0005707280000000001,0.008306709,-0.027974827999999997
2014-07-01,1.0727482609999999,3.0,2.0,41747.95935,597.786,4437.1368299999995,1308.402609,22952.0,9977.0,19289.0,20588.0,45.37953841,40.61239704,72370,66.6,60.7,6020871.812000001,1527,379001.8874,2552,3227,-0.009948958,0.0,-0.0017513029999999998,0.016176246000000002,0.02587789,0.000983797,-0.077214427,0.056370124,-0.068418829,-0.127596963,0.0,0.0,0.0,0.0,0.0005129280000000001,-0.032319392,-0.02961476
2014-08-01,1.092484571,3.0,2.015721217,41719.777,594.4475,4459.620931,1290.832727,21335.933080000003,9096.003076,16654.5216,17535.34996,45.504652,40.63234797,72370,66.2,60.7,6024092.663,1344,370899.0089,1240,923,0.018397896,0.0,-0.000675059,-0.005584774,-0.013428498,0.001193535,-0.070410723,-0.088302789,-0.136579315,-0.148273268,0.0,0.0,0.0,0.0,0.000534948,-0.119842829,-0.02137952
2014-09-01,1.100465045,3.0,2.086731222,42054.26132,583.425,4553.286668,1238.2542859999999,20093.7151,7098.896113,13233.79085,14762.1152,45.63236638,40.65019712,72370,66.0,60.8,6027671.534,1376,395505.1235,1408,927,0.007304885,0.0,0.008017404,-0.018542428,-0.040732187999999996,0.0012692439999999999,-0.058221872,-0.21955873899999998,-0.20539351600000003,-0.15815109300000002,0.0,0.0,0.0,0.0,0.0005940930000000001,0.023809524,0.066341818
2014-10-01,1.121630304,3.0,2.0,42154.12195,562.998,4400.012207,1219.8304349999999,19244.0,5913.0,11332.0,13518.0,45.75841346,40.66546636,72370,66.5,61.4,6031476.5139999995,1455,390429.4784,1491,2165,0.019233013,0.0,0.0023745660000000003,-0.035012212,-0.014878891000000002,0.000747437,-0.042287606,-0.167053595,-0.143707186,-0.08427757,0.0,0.0,0.0,0.0,0.000631252,0.057412791,-0.012833323
2014-11-01,1.13343115,3.0,1.7155324730000001,42132.89895,560.3475,4681.58473,1170.5342859999998,18729.56092,5756.754422999999,11177.034670000001,13913.0207,45.89119639,40.67917364,72370,66.3,61.1,6035761.267999999,1199,394225.0183,1914,1199,0.010521154,0.0,-0.000503462,-0.004707832,-0.040412296,0.000186065,-0.02673244,-0.026424079,-0.013675021,0.02922183,0.0,0.0,0.0,0.0,0.0007103989999999999,-0.17594501699999998,0.009721448
2014-12-01,1.152844048,3.0,1.296604471,42163.64925,552.566,4735.225897,1194.953333,18687.86286,6450.185456,12654.550940000001,15780.49017,46.02214852,40.69043461,72370,65.5,60.4,6040249.3610000005,924,387611.5866,2119,1830,0.017127549,0.0,0.00072984,-0.013886918,0.020861453999999998,-0.000288425,-0.002226324,0.120455205,0.13219215199999998,0.134224588,0.0,0.0,0.0,0.0,0.0007435839999999999,-0.229357798,-0.016775778999999998
2015-01-01,1.208578048,2.9625,1.0,41960.13008,545.015,4684.040991,1244.5980949999998,19777.0,6835.0,15075.0,18350.0,46.16,40.7,74516,65.7,60.9,6045240.0,809,382458.4944,2698,11080,0.048344787,-0.0125,-0.004826887,-0.013665336,0.041545356,-0.000159437,0.058280455,0.059659454,0.191271036,0.162828265,0.054369062999999995,0.023276027,0.052538565,-0.007575758,0.0008262310000000001,-0.124458874,-0.013294473999999999
2015-02-01,1.25102025,2.85,0.8890990679999999,41982.24739,540.3775,4838.567331,1226.48619,22126.44098,6683.036548,18273.18911,21421.488999999998,46.300427299999996,40.707460499999996,74516,66.1,61.3,6050589.366,1153,369655.2567,1391,4525,0.035117469,-0.037974684,0.000527103,-0.00850894,-0.014552411999999999,8.48e-05,0.118796631,-0.022233131,0.212151848,0.167383597,0.0,0.0,0.0,0.0,0.0008848889999999999,0.42521631600000004,-0.033476149
2015-03-01,1.260657318,2.85,0.930051837,41938.9036,530.7375,4938.523704,1175.008095,25101.331140000002,6247.514533,21609.31439,24385.79781,46.42947883,40.71238983,74516,66.2,61.6,6055729.387,1506,398336.5445,3353,3699,0.007703366999999999,0.0,-0.001032431,-0.017839381,-0.041972014,0.00028324,0.134449556,-0.065168283,0.18256940600000002,0.138380148,0.0,0.0,0.0,0.0,0.000849507,0.306157849,0.077589287
2015-04-01,1.2352515,2.85,1.0,41890.671310000005,537.35,4983.900414,1195.525789,27699.0,6596.0,24225.0,26160.0,46.57480849,40.71584425,74516,66.2,61.5,6061761.493,1706,407612.2145,2040,2035,-0.020152833999999998,0.0,-0.001150061,0.012459078,0.017461747,0.000519412,0.103487295,0.055779857,0.121044359,0.072755552,0.0,0.0,0.0,0.0,0.0009960989999999999,0.132802125,0.023286012999999998
2015-05-01,1.21706825,2.85,1.07182524,41831.76539,547.905,5027.361986999999,1193.265,29261.25957,7945.050687000001,25432.97454,26101.02273,46.71790263,40.7171831,74516,66.9,62.2,6067940.573,1762,422947.0346,3623,3428,-0.014720282,0.0,-0.0014061820000000002,0.019642691,-0.0018910420000000001,0.000704761,0.056401297999999996,0.204525574,0.04986479,-0.002254483,0.0,0.0,0.0,0.0,0.0010193539999999999,0.032825322000000004,0.037621101000000004
2015-06-01,1.2355492270000001,2.85,1.146787086,42019.802560000004,530.035,5077.715931000001,1178.388095,29906.616530000003,10049.77153,25254.34386,24304.49678,46.86830084,40.71649564,74516,67.0,62.5,6074678.562999999,1906,418598.7408,1658,3843,0.015184831999999999,0.0,0.004495081,-0.032615143,-0.012467394,0.000933681,0.022054996,0.264909681,-0.007023586,-0.068829715,0.0,0.0,0.0,0.0,0.001110425,0.08172531200000001,-0.010280942
2015-07-01,1.28457787,2.79,1.2,42090.41463,508.94800000000004,5085.609974,1127.38913,29675.0,10872.0,23363.0,21452.0,47.01630003,40.71382623,74516,67.5,63.1,6081540.756,1730,394503.6272,1154,2459,0.039681658,-0.021052632,0.001680448,-0.039784165,-0.043278580999999997,0.00108468,-0.007744658000000001,0.081815638,-0.07489182400000001,-0.11736498,0.0,0.0,0.0,0.0,0.001129639,-0.092339979,-0.057561362000000005
2015-08-01,1.314006524,2.7,1.231482688,42307.74332,485.93,4940.153785,1113.267143,28565.324930000002,10131.71955,19573.42757,17452.92853,47.16923755,40.71019016,74516,68.0,63.1,6088828.77,1475,406587.0217,4771,1487,0.022909202000000004,-0.032258065,0.005163377,-0.04522662400000001,-0.012526276000000001,0.001304428,-0.037394274,-0.068090549,-0.162204016,-0.18641951699999998,0.0,0.0,0.0,0.0,0.0011983830000000001,-0.147398844,0.030629362
2015-09-01,1.326235955,2.7,1.248309651,42165.3554,487.764,4754.878581,1120.324286,26899.654130000003,8123.335669,14531.70697,12862.8617,47.31917145,40.70708155,74516,67.4,62.6,6096131.685,1444,418602.8636,4314,3348,0.009306979,0.0,-0.0033655290000000004,0.0037742059999999996,0.006339128,0.0014020760000000001,-0.058310935,-0.198227347,-0.257579853,-0.262996942,0.0,0.0,0.0,0.0,0.0011993960000000001,-0.021016949,0.02955294
2015-10-01,1.307161545,2.7,1.3,42124.987219999995,492.9,4864.0345130000005,1152.250455,26515.0,6832.0,11738.0,10412.0,47.46140271,40.70457834,74516,67.3,62.6,6103212.8270000005,1587,406792.3296,2926,1039,-0.014382365,0.0,-0.000957378,0.010529682,0.028497257,0.0009783419999999999,-0.014299593999999999,-0.158966184,-0.192249057,-0.19053782600000002,0.0,0.0,0.0,0.0,0.00116158,0.099030471,-0.028214173999999998
2015-11-01,1.3272614759999999,2.7,1.3981152069999998,42215.38095,472.11,5077.859033,1085.3052380000001,27674.5364,6477.375033,11544.93506,10356.83576,47.605413399999996,40.70251367,74516,67.4,62.5,6110544.272999999,1351,415315.8986,3811,1454,0.015376776000000002,0.0,0.002145846,-0.042178941,-0.05809953599999999,0.000543813,0.043731337,-0.051906465,-0.016447857,-0.00529814,0.0,0.0,0.0,0.0,0.001201244,-0.148708255,0.020953121
2015-12-01,1.3700888180000002,2.7,1.523156575,42236.551680000004,460.52,5047.629084,1064.723333,30019.75722,6904.846561,13698.02669,12428.44516,47.74191252,40.70102073,74516,67.6,62.8,6117653.025,1038,400087.789,826,3429,0.032267449,0.0,0.000501493,-0.024549362999999998,-0.018964162,0.00017376099999999998,0.084742913,0.065994562,0.18649664300000002,0.20002339,0.0,0.0,0.0,0.0,0.001163358,-0.23168023699999998,-0.03666633
2016-01-01,1.42239985,2.7,1.6,42432.02207,456.7375,4624.008943,1090.861579,31909.0,7018.0,16649.0,15038.0,47.88,40.7,77130,67.6,62.7,6125013.0,897,416103.8907,1679,3077,0.03818076,0.0,0.004627991,-0.008213541,0.024549331,0.000440713,0.062933313,0.016387538,0.215430542,0.20996631600000001,0.03686901,0.034604016,0.039727938,-0.007633588,0.001203072,-0.13583815,0.040031468
2016-02-01,1.380749905,2.7,1.609788262,42362.55517,475.025,4462.558496,1190.085714,32957.37442,6610.783557,20057.62749,17837.95198,48.01507732,40.6995098,77130,66.9,61.9,6132387.473999999,1439,435579.1946,2856,1675,-0.029281461,0.0,-0.001637134,0.04003941,0.090959419,0.000809417,0.032855132,-0.058024571,0.204734668,0.18619178,0.0,0.0,0.0,0.0,0.001203993,0.604236343,0.046803946
2016-03-01,1.324320714,2.7,1.56451136,42195.06969,490.19599999999997,4739.349055,1240.9285,33141.24589,5924.95812,23475.1078,20436.76216,48.13871486,40.69953152,77130,66.8,62.0,6139299.302,1808,416250.7948,3730,2280,-0.040868509,0.0,-0.003953621,0.031937266,0.042721953,0.001059007,0.005579069,-0.10374344199999999,0.17038307800000002,0.145689941,0.0,0.0,0.0,0.0,0.001127102,0.256428075,-0.04437402
2016-04-01,1.283968,2.7,1.5,42282.306619999996,494.885,4891.9676340000005,1236.149,32247.0,5981.0,26128.0,21899.0,48.26796607,40.70006815,77130,67.5,62.4,6146701.839,1997,436544.8097,2131,752,-0.030470499999999998,0.0,0.002067467,0.009565562,-0.003851551,0.0012442010000000001,-0.026982869,0.009458612,0.113008734,0.071549389,0.0,0.0,0.0,0.0,0.001205762,0.104535398,0.048754297
2016-05-01,1.293196409,2.7,1.428313858,41923.32288,502.585,4780.335635,1255.700909,30270.93171,6986.4819290000005,27516.021289999997,21816.64733,48.39018182,40.70109261,77130,66.7,62.2,6153879.3889999995,2137,442520.4792,2462,2807,0.0071874140000000005,0.0,-0.008490165,0.01555917,0.01581679,0.001281144,-0.061279136,0.16811267800000002,0.053123900999999994,-0.0037605679999999997,0.0,0.0,0.0,0.0,0.001167708,0.070105158,0.013688559
2016-06-01,1.289370182,2.7,1.3499568480000002,42235.4158,503.48,4853.030007,1271.073333,27301.1115,8706.661186,27593.01184,20276.70274,48.51350982,40.70267318,77130,66.1,62.4,6161310.455,2182,448001.901,3692,1117,-0.0029587359999999996,0.0,0.007444374,0.001780793,0.012242106,0.001418872,-0.09810798800000001,0.24621537300000002,0.002798026,-0.070585758,0.0,0.0,0.0,0.0,0.001207542,0.021057557,0.012386821000000001
2016-07-01,1.3035813809999999,2.7,1.3,42466.35772,525.6425,5015.599560000001,1334.161429,24778.0,9316.0,25566.0,17904.0,48.62999342,40.70470791,77130,66.5,62.0,6168515.615,1882,427074.3576,2801,2604,0.011021815,0.0,0.0054679690000000005,0.04401863,0.049633718,0.001553284,-0.09241790400000001,0.06998536,-0.073461058,-0.11701620199999999,0.0,0.0,0.0,0.0,0.00116942,-0.13748854300000002,-0.046713067999999996
2016-08-01,1.298470913,2.7,1.280395847,42675.5935,510.18199999999996,5215.641283,1336.092609,22753.19815,8553.346108,21161.15708,14632.8477,48.76076136,40.70657843,77130,66.5,61.6,6176091.409,1964,446612.1197,2600,2222,-0.003920329,0.0,0.004927095,-0.029412576,0.001447486,0.001806059,-0.081717728,-0.081864952,-0.172293003,-0.182705111,0.0,0.0,0.0,0.0,0.0012281389999999998,0.04357067,0.045747917
2016-09-01,1.309056636,2.7,1.3009756829999999,42915.607430000004,501.3825,5248.722377,1321.890952,21396.65375,6691.735527000001,15136.70075,10969.35245,48.91704204,40.70737009,77130,66.5,61.6,6183929.719,1787,446293.8786,1920,3522,0.008152453,0.0,0.00562415,-0.017247766,-0.010629245,0.001907307,-0.059619944,-0.21764705399999998,-0.284694089,-0.250361059,0.0,0.0,0.0,0.0,0.001269138,-0.0901222,-0.000712567
2016-10-01,1.3236258570000001,2.7,1.4,42816.61905,496.235,5266.2223539999995,1264.311905,21128.0,5534.0,11659.0,9405.0,49.09258708,40.70710821,77130,65.9,61.3,6191765.252,1895,459198.9166,3056,3258,0.011129557,0.0,-0.002306582,-0.010266613,-0.043558092,0.0013976320000000002,-0.012555877,-0.173009755,-0.22975289100000001,-0.142611194,0.0,0.0,0.0,0.0,0.00126708,0.060436486,0.028916009
2016-11-01,1.344488591,2.7,1.5907863009999998,43007.217189999996,506.164,5256.837170000001,1236.922727,21996.38397,5280.842676,11136.512209999999,10222.61324,49.29909949,40.70577533,77130,65.7,61.2,6200120.378,1718,471255.8475,1155,2323,0.015761806,0.0,0.004451499,0.020008665,-0.021663307000000003,0.0008940819999999999,0.041101097,-0.045745812000000004,-0.044814117,0.086933891,0.0,0.0,0.0,0.0,0.001349393,-0.09340369400000001,0.026256445
2016-12-01,1.334670238,2.7,1.826070571,43060.52962,495.57,5415.379441,1151.3215,23751.3887,5774.765949000001,13288.86807,13048.71398,49.52325587,40.70345743,77130,65.8,61.2,6208456.057,1238,466591.6502,2703,2103,-0.007302667,0.0,0.001239616,-0.020929975,-0.069204992,0.00041856,0.079786056,0.093531147,0.19327019199999998,0.276455801,0.0,0.0,0.0,0.0,0.0013444379999999999,-0.279394645,-0.009897378
2017-01-01,1.322053591,2.7,1.9,43254.84785,498.9675,5554.260522,1189.9555,25278.0,5947.0,16269.0,16039.0,49.78,40.7,78291,66.4,61.6,6217328.0,1125,471409.2907,3745,3505,-0.009453007,0.0,0.004512676,0.006855742,0.033556222000000004,0.000504278,0.06427461200000001,0.029825287000000002,0.22425777100000002,0.22916327399999997,0.049423800000000004,0.005894619,0.030135487000000002,0.026923077000000004,0.00142901,-0.09127625199999999,0.010325175
2017-02-01,1.3100417,2.7,1.765245512,43391.49826,531.185,5753.894711,1229.7995,26308.849619999997,5592.967874,19687.68882,18763.56215,50.06227172,40.69546288,78291,66.5,61.9,6226462.5879999995,1632,515424.0901,2162,2782,-0.009085781999999999,0.0,0.003159193,0.064568334,0.033483605,0.000665317,0.040780505,-0.059531213,0.210135154,0.16987107399999998,0.0,0.0,0.0,0.0,0.001469214,0.450666667,0.093368545
2017-03-01,1.338945478,2.7,1.4997593880000002,43548.308939999995,520.612,5861.014755,1228.531739,26847.00876,4952.9567130000005,22913.138580000003,20849.144780000002,50.33916834,40.69043682,78291,66.5,61.9,6234938.931,2324,550299.4484,2573,1743,0.022063251000000002,0.0,0.0036138570000000003,-0.019904553000000002,-0.001030868,0.0007486810000000001,0.020455442,-0.114431403,0.163830798,0.11115067699999999,0.0,0.0,0.0,0.0,0.0013613420000000002,0.424019608,0.067663423
2017-04-01,1.3435751669999998,2.7,1.3,43740.861789999995,524.595,5913.897384000001,1267.192,27244.0,4830.0,24933.0,21697.0,50.67002484,40.683844799999996,78291,66.1,61.9,6244573.391,2148,578279.6443,2230,2299,0.003457712,0.0,0.004421592,0.007650611,0.031468671000000004,0.001060494,0.014787168,-0.024824912,0.088152979,0.040666187,0.0,0.0,0.0,0.0,0.001545237,-0.07573149700000001,0.050845401
2017-05-01,1.360349864,2.7,1.240338905,43968.93612,520.938,6120.86772,1243.781739,27466.011280000002,5443.286881,25070.54783,20892.77655,51.01451422,40.67643743,78291,66.8,62.1,6254147.134,2038,564807.5358,1513,1296,0.01248512,0.0,0.005214217,-0.006971092,-0.018474123000000002,0.001267917,0.008148997,0.126974509,0.0055166980000000004,-0.037066113,0.0,0.0,0.0,0.0,0.00153313,-0.051210427999999995,-0.023296875
2017-06-01,1.330603136,2.7,1.302356832,44096.0,521.2075,6229.75091,1259.1945449999998,27600.315010000002,6612.2188719999995,23500.067730000002,18608.78574,51.39560244,40.66772086,78291,66.0,61.7,6264298.41,1702,552679.1163,2552,1875,-0.021866967999999997,0.0,0.0028898559999999997,0.000517336,0.01239189,0.00155549,0.004889815,0.214747452,-0.062642432,-0.10931964,0.0,0.0,0.0,0.0,0.001623127,-0.164867517,-0.021473544
2017-07-01,1.272122381,2.825,1.4,44051.895469999996,522.27,6291.7249759999995,1233.26,28050.0,7003.0,21261.0,16276.0,51.78870317,40.65825747,78291,66.1,61.6,6274372.299,1345,532501.9822,2597,743,-0.043950562,0.046296295999999994,-0.0010001930000000001,0.002038536,-0.020596139,0.001721609,0.016292749,0.059099847999999996,-0.095279203,-0.125359374,0.0,0.0,0.0,0.0,0.0016081429999999998,-0.209753231,-0.036507864
2017-08-01,1.261092435,2.95,1.525336089,44092.5029,546.944,6310.5808640000005,1279.4656519999999,28917.516910000002,6420.198065,18369.189280000002,13964.826490000001,52.19382371,40.64798869,78291,66.0,62.3,6284942.158,1476,540168.769,3986,2701,-0.008670507,0.044247787999999996,0.0009218089999999999,0.047243763,0.03746627,0.001997959,0.030927519,-0.083221753,-0.13601480300000002,-0.141998864,0.0,0.0,0.0,0.0,0.001684608,0.09739777,0.014397668
2017-09-01,1.228691524,3.1375,1.670128263,44262.2741,562.0925,6427.7125,1314.285714,30141.840669999998,5073.748922,15183.64006,11898.38845,52.56667663,40.63790276,78291,66.3,62.4,6295557.96,1362,554068.9743,2026,2627,-0.025692733,0.063559322,0.003850342,0.02769662,0.027214534,0.002115722,0.042338482000000004,-0.209720811,-0.17341806199999998,-0.147974487,0.0,0.0,0.0,0.0,0.001689085,-0.07723577200000001,0.025733078
2017-10-01,1.259105318,3.2,1.8,44216.806039999996,558.785,6599.952725,1278.3136359999999,31385.0,4322.0,13392.0,10900.0,52.89671446,40.628317700000004,78291,66.6,62.6,6305874.819,1485,555004.0182,1556,2489,0.024752994,0.019920319,-0.001027242,-0.005884263000000001,-0.027370059,0.001606904,0.041243642999999997,-0.148164392,-0.11799806,-0.08390955300000001,0.0,0.0,0.0,0.0,0.001638752,0.09030837,0.001687595
2017-11-01,1.276007273,3.2,1.918878536,44436.44599,561.078,6790.117141,1279.655909,32683.60696,4325.012663,13133.08957,11029.4312,53.20593972,40.6185945,78291,66.7,62.7,6316580.526000001,1606,555395.6843,4117,1759,0.013423781000000001,0.0,0.004967341,0.004103546,0.001050034,0.001117142,0.041376675,0.000697053,-0.019333216,0.011874421999999999,0.0,0.0,0.0,0.0,0.001697735,0.081481481,0.0007057000000000001
2017-12-01,1.276501158,3.2,2.01831505,44552.41812,550.13,6895.895995999999,1262.8315,33951.80639,4981.125099,14341.99125,12286.09805,53.47440239,40.60936047,78291,67.2,63.0,6326984.3889999995,1125,532700.2853,1667,1941,0.000387055,0.0,0.0026098429999999997,-0.019512439,-0.013147603999999999,0.000646111,0.03880231,0.151701853,0.09205006,0.113937593,0.0,0.0,0.0,0.0,0.001647072,-0.299501868,-0.040863477
2018-01-01,1.243290727,3.3,2.1,44460.52265,575.312,7266.519554,1327.959545,35261.0,5691.0,16582.0,14803.0,53.72,40.6,79262,66.2,62.4,6337780.0,899,543278.6463,3361,2546,-0.026016765,0.03125,-0.002062637,0.045774635,0.051573029000000006,0.000781997,0.038560352,0.142512964,0.156185338,0.204857713,0.029126784,0.0077535830000000005,0.029679031,0.041198502000000005,0.001706281,-0.200888889,0.019857998
2018-02-01,1.25746985,3.45,2.159455075,44757.3252,576.915,7167.508404000001,1331.0155,36566.71516,6326.721229,19743.33708,18566.37788,53.93326224,40.59082387,79262,66.0,62.3,6348621.3,1142,570275.0517,5322,2841,0.011404511,0.045454545,0.006675643,0.0027863140000000002,0.002301241,0.0009911380000000001,0.037030008999999996,0.111706419,0.19064872,0.254230756,0.0,0.0,0.0,0.0,0.001710583,0.270300334,0.049691637000000004
2018-03-01,1.292402476,3.45,2.202644733,44898.11382,567.0375,7325.14481,1323.7086359999998,37620.527669999996,6827.720787,23089.28627,22585.05293,54.09809326,40.58269419,79262,65.9,62.0,6358452.7129999995,1573,590184.0477,2624,2524,0.02778009,0.0,0.0031455990000000002,-0.01712124,-0.005489691,0.001072871,0.0288189,0.079187867,0.169472323,0.21644906100000003,0.0,0.0,0.0,0.0,0.00154859,0.377408056,0.034911217
2018-04-01,1.2726236000000002,3.45,2.3,44886.44019,582.07,7101.215309,1332.6585710000002,37776.0,7234.0,25192.0,24504.0,54.249814,40.57386889,79262,65.7,61.7,6369380.969,1574,601210.9187,2599,2023,-0.01530396,0.0,-0.00026000299999999997,0.026510592000000003,0.006761258000000001,0.001372819,0.004132645999999999,0.059504367999999995,0.091068806,0.08496535599999999,0.0,0.0,0.0,0.0,0.0017186970000000001,0.000635728,0.018683784
2018-05-01,1.286619773,3.45,2.453301491,45149.35192,584.758,7319.598167,1301.403043,36778.89732,7468.210143000001,25290.45481,23328.7952,54.36585294,40.565503799999995,79262,66.0,61.7,6380000.204,1742,603081.8817,1446,3201,0.010997888999999999,0.0,0.005857264,0.004618001,-0.023453515,0.0015110920000000001,-0.026395137000000003,0.032376298,0.003908178,-0.047959713,0.0,0.0,0.0,0.0,0.001667232,0.106734435,0.0031119909999999997
2018-06-01,1.312512238,3.45,2.644425058,45271.03136,586.69,7644.267623999999,1279.747143,34790.0249,7504.158789,23594.6699,19504.542830000002,54.45394602,40.55704123,79262,66.2,62.0,6391018.365,1593,605529.6855,5378,1566,0.020124411000000002,0.0,0.002695043,0.003303931,-0.016640426,0.00174805,-0.054076455999999995,0.004813556,-0.067052369,-0.163928413,0.0,0.0,0.0,0.0,0.001726984,-0.085533869,0.004058825
2018-07-01,1.314115591,3.6375,2.7,45345.52265,560.5325,7751.303362000001,1236.059091,33229.0,7102.0,21370.0,16252.0,54.50840981,40.54902716,79262,65.8,62.1,6401724.602999999,1415,582547.3986,2922,1906,0.001221591,0.054347825999999995,0.0016454520000000002,-0.044584874000000004,-0.034138034,0.0018639029999999999,-0.044869899000000005,-0.053591455,-0.094286969,-0.166758219,0.0,0.0,0.0,0.0,0.001675201,-0.11173885800000001,-0.037954022000000004
2018-08-01,1.304292348,3.7,2.595387067,45532.41696,546.154,7876.03176,1198.7891300000001,32219.03308,6193.116754,18671.589330000003,13877.781809999999,54.53287524,40.54083193,79262,65.2,61.1,6412687.509,1388,585355.5893,2464,2083,-0.007475174,0.017182131,0.00412156,-0.025651501,-0.030152248,0.002101858,-0.030394141,-0.127975675,-0.12627097199999998,-0.146087755,0.0,0.0,0.0,0.0,0.0017124929999999998,-0.019081272,0.004820535999999999
2018-09-01,1.3046997,3.7,2.3492284469999998,45613.89895,539.5675,7986.83473,1196.040526,31719.027960000003,4957.329968999999,15763.767590000001,12461.194790000001,54.5250053,40.53261061,79262,65.4,61.2,6423375.884,1282,615581.6841,3166,3441,0.000312317,0.0,0.0017895379999999998,-0.012059785,-0.002292817,0.002179121,-0.015518936,-0.199541981,-0.155735095,-0.102075896,0.0,0.0,0.0,0.0,0.001666754,-0.076368876,0.051637151
2018-10-01,1.3005478259999999,3.75,2.1,45698.486639999996,543.6619999999999,7565.364789,1211.646957,31170.0,4383.0,13802.0,11760.0,54.48660165,40.52462942,79262,65.9,61.7,6433457.727000001,1519,603153.2923,4422,2360,-0.003182245,0.013513513999999999,0.001854428,0.007588485,0.013048413,0.001646849,-0.017309104,-0.115854698,-0.124447889,-0.05627027,0.0,0.0,0.0,0.0,0.001569555,0.184867395,-0.020189671
2018-11-01,1.319508955,3.95,1.85143413,45583.260160000005,535.22,7227.928548000001,1218.124545,30444.804969999997,4585.209806,12828.40455,11687.6475,54.41510405,40.51635629,79262,65.9,61.8,6443605.16,1370,595677.4423,3988,2860,0.01457934,0.053333333,-0.002521451,-0.01552803,0.0053461030000000005,0.001139271,-0.023265801000000003,0.046135023,-0.070540172,-0.006152424,0.0,0.0,0.0,0.0,0.001577291,-0.09809084900000001,-0.01239461
2018-12-01,1.341990895,3.95,1.6420097280000001,45496.43322,536.76,6858.92262,1248.2071429999999,29867.83218,5383.599975,12952.01378,12346.53732,54.31512525,40.50832495,79262,65.7,61.8,6453163.51,848,594381.5271,2766,2539,0.017038111,0.0,-0.001904799,0.002877321,0.024695831,0.0006360480000000001,-0.018951436000000002,0.174122931,0.009635589,0.056374889000000004,0.0,0.0,0.0,0.0,0.001483385,-0.38102189799999997,-0.002175532
2019-01-01,1.331104818,3.95,1.6,45429.81533,539.502,6948.260463,1288.7273910000001,31160.0,5771.0,14474.0,14400.0,54.18,40.5,80652,66.3,62.0,6462770.0,840,591443.8988,3010,1681,-0.008111886,0.0,-0.001464244,0.005108428,0.03246276,0.0006564289999999999,0.043262859,0.07195928900000001,0.11750962,0.166318914,0.045306705,0.009653854,0.0006193069999999999,0.0,0.001488648,-0.009433961999999999,-0.004942328
2019-02-01,1.32099855,3.95,1.7588153359999998,45370.242739999994,554.0225,7415.218390000001,1316.894,34663.05629,5537.898042,17461.64313,17951.21978,54.18,40.49164871,80652,66.8,62.4,6472101.585,1064,612488.5451,1889,1100,-0.0075923909999999995,0.0,-0.00131131,0.026914636000000002,0.021856142000000002,0.000735083,0.112421576,-0.040391953,0.206414476,0.246612484,0.0,0.0,0.0,0.0,0.001443899,0.26666666699999997,0.035581813
2019-03-01,1.336373952,3.95,2.034619312,45727.23345,564.4275,7629.432873000001,1299.597143,39349.12915,4937.6598380000005,21118.514369999997,22043.488419999998,54.18,40.48408298,80652,66.8,62.4,6480293.8270000005,1349,603969.0778,2679,2094,0.011639227,0.0,0.007868389,0.018780826,-0.013134586,0.000761582,0.135189258,-0.10838737,0.20942308899999998,0.22796604899999998,0.0,0.0,0.0,0.0,0.001265778,0.267857143,-0.013909595
2019-04-01,1.33786175,3.95,2.2,45997.53891,566.98,7986.208589,1283.6481820000001,43530.0,4864.0,24083.0,24688.0,54.18,40.47568157,80652,66.9,62.6,6489102.205,1608,637180.4179,3896,2796,0.001113309,0.0,0.005911258000000001,0.0045222809999999995,-0.012272235,0.001165856,0.10625065800000001,-0.014917965,0.140373777,0.119967926,0.0,0.0,0.0,0.0,0.001359256,0.19199407,0.054988478
2019-05-01,1.3463187730000001,3.95,2.17540256,46137.71545,555.85,7797.425914,1280.589565,46149.128880000004,5543.0461159999995,25533.18631,24913.93658,54.18,40.46752611,80652,66.4,62.8,6497364.695,1739,642890.7171,1535,1659,0.006321298,0.0,0.003047479,-0.019630322,-0.002382753,0.001483438,0.060168364,0.13960652099999998,0.060216182,0.009151676,0.0,0.0,0.0,0.0,0.001273287,0.081467662,0.008961825
2019-06-01,1.3292777,3.95,1.9980283209999998,46259.67944,561.3,7827.176514,1355.933,47241.34329,6788.344762000001,25530.40425,22982.29572,54.18,40.45907288,80652,66.3,62.6,6505632.131,1497,636606.483,2872,1130,-0.012657531999999999,0.0,0.002643477,0.009804803,0.058834959000000006,0.0018729270000000001,0.023667063999999998,0.224659622,-0.000108959,-0.077532543,0.0,0.0,0.0,0.0,0.0012724289999999998,-0.139160437,-0.009774965
2019-07-01,1.3097479570000001,3.95,1.9,46089.06039,579.552,8203.717219,1412.124348,45942.0,7203.0,23874.0,20415.0,54.18,40.45086727,80652,66.9,63.0,6513371.129,1617,627926.9363,2995,4212,-0.014691997,0.0,-0.0036882890000000004,0.03251737,0.041441095,0.001994985,-0.027504367999999998,0.061083409000000005,-0.064879672,-0.11170754,0.0,0.0,0.0,0.0,0.001189584,0.08016032099999999,-0.013634085
2019-08-01,1.327303273,3.95,1.913623535,46178.54123,594.75,7922.241365999999,1496.425,42024.69503,6582.932347,20418.198480000003,17286.83151,54.18,40.44236222,80652,66.9,63.0,6521097.622,1410,619306.5482,3511,1737,0.013403584,0.0,0.001941477,0.026223704,0.059697754000000006,0.002223624,-0.08526631300000001,-0.086084639,-0.144751676,-0.15322892400000002,0.0,0.0,0.0,0.0,0.0011862510000000001,-0.128014842,-0.01372833
2019-09-01,1.324784619,3.95,2.0220941740000002,46270.18351,604.83,8093.09602,1507.715238,36229.18775,5162.689685,15760.56465,14043.13991,54.18,40.43383085,80652,67.0,63.3,6528549.21,1450,636817.5055,4015,1273,-0.0018975720000000001,0.0,0.001984521,0.016948298,0.007544807,0.002304318,-0.137907182,-0.215746204,-0.22811188899999998,-0.187639453,0.0,0.0,0.0,0.0,0.001142689,0.028368794,0.028275104
2019-10-01,1.319334783,3.95,2.1,46284.37979,598.248,8077.648692,1491.0091300000001,32781.0,4446.0,13161.0,12759.0,54.18,40.425549600000004,80652,66.4,62.7,6535498.677,1575,662631.1187,3408,801,-0.0041137529999999995,0.0,0.000306813,-0.010882397,-0.011080413,0.001863697,-0.095177065,-0.138820988,-0.164941086,-0.09144250599999999,0.0,0.0,0.0,0.0,0.001064473,0.08620689699999999,0.040535339
2019-11-01,1.323896905,3.95,2.133237216,46258.96400000001,594.3225,8506.511035,1469.702381,32099.461369999997,4618.485429,12948.00705,13671.85752,54.18,40.41696641,80652,66.8,62.9,6542409.323,1368,659855.318,2586,2113,0.003457896,0.0,-0.000549123,-0.00656166,-0.014290154,0.001477115,-0.02079066,0.038795643,-0.016183645,0.071546165,0.0,0.0,0.0,0.0,0.0010574010000000001,-0.131428571,-0.004189059
2019-12-01,1.31735115,3.95,2.092188544,46282.727060000005,589.03,8772.967588,1478.288636,33482.06728,5409.605122999999,14838.46955,16406.44886,54.18,40.40863501,80652,66.7,63.0,6548835.297,884,656232.5351,1898,2478,-0.004944309,0.0,0.000513696,-0.008905098,0.005842173000000001,0.001043389,0.043072558,0.171294184,0.14600413,0.20001607899999999,0.0,0.0,0.0,0.0,0.000982203,-0.35380117,-0.005490269
2020-01-01,1.308389909,3.95,1.8,46260.493610000005,596.87,9225.229539,1554.6445449999999,32290.0,5228.0,17077.0,19140.0,54.18,40.4,82311,67.1,63.6,6555205.0,918,679182.1623,2855,3187,-0.006802469,0.0,-0.000480383,0.013310018,0.051651557,0.000972934,-0.035603157,-0.033570865,0.150859928,0.166614431,0.047218735,0.012738036000000001,0.075921294,0.0,0.000972647,0.038461537999999997,0.034971791
2020-02-01,1.32831745,3.95,1.2250911629999999,46465.30778,587.35,9419.153115000001,1594.5625,27650.206869999998,3758.4665170000003,19293.47425,21447.572030000003,54.18,40.4,82311,66.6,62.9,6555205.0,1335,722674.6517,3116,2623,0.015230583,0.0,0.00442741,-0.015949872,0.02567658,0.000914655,-0.143691332,-0.281089036,0.129792952,0.120562802,0.0,0.0,0.0,0.0,0.0,0.454248366,0.06403656
2020-03-01,1.394038864,3.325,0.501479142,43341.52613,574.36,7748.395352,1589.7304550000001,20930.11099,1502.59266,21186.951080000003,23086.19223,54.18,40.4,82311,63.5,58.8,6555205.0,1402,712745.8474,2142,2131,0.049477189000000005,-0.158227848,-0.067228257,-0.022116285,-0.003030327,0.000784874,-0.24303962399999998,-0.600211242,0.09814079199999999,0.076401198,0.0,0.0,0.0,0.0,0.0,0.050187265999999994,-0.013738968999999998
2020-04-01,1.4074347,2.45,0.0,38495.18118,567.884,8282.7377,1675.7204550000001,16178.0,60.0,21945.0,23380.0,54.18,40.4,82311,59.8,53.2,6555205.0,482,612300.5021,5352,2640,0.009609371,-0.263157895,-0.11181758900000001,-0.011275158,0.054090930999999995,0.000642035,-0.227046622,-0.960069018,0.035779047,0.012726558,0.0,0.0,0.0,0.0,0.0,-0.656205421,-0.140927296
2020-05-01,1.3960658000000001,2.45,-0.143869675,40159.082460000005,569.8375,9092.621094,1713.6833329999997,14751.370840000001,-83.27177713,21264.69383,22088.63476,54.18,40.4,82311,61.0,51.6,6555205.0,727,674028.0977,2105,2586,-0.008077746,0.0,0.043223625,0.003439963,0.022654661,0.00040886300000000003,-0.088183283,-2.387862952,-0.031000509,-0.055233757,0.0,0.0,0.0,0.0,0.0,0.508298755,0.10081258400000001
2020-06-01,1.355404773,2.45,0.013943476000000002,42577.70732,580.55,9828.108798000001,1730.815909,16062.96806,858.1067027999999,19302.0735,19392.3085,54.18,40.4,82311,64.1,55.0,6555205.0,1287,672465.0528,3623,2208,-0.029125437999999997,0.0,0.060226098,0.018799219,0.009997516,0.000216888,0.08891358199999999,-11.30489239,-0.092294784,-0.122068489,0.0,0.0,0.0,0.0,0.0,0.770288858,-0.002318961
2020-07-01,1.35060113,2.45,0.2,43500.18002,607.26,10491.72812,1836.408261,17232.0,1658.0,17328.0,16978.0,54.18,40.4,82311,65.7,56.1,6555205.0,1689,682999.5867,3929,3164,-0.003544065,0.0,0.021665627000000003,0.046008096,0.061007269,8.840000000000001e-05,0.072778078,0.932160645,-0.10227261300000001,-0.12449825099999999,0.0,0.0,0.0,0.0,0.0,0.31235431199999997,0.015665548999999997
2020-08-01,1.323456333,2.45,0.380368334,43904.52149,641.655,11188.406809999999,1966.617619,17844.255269999998,2164.6151600000003,15412.26311,14951.058359999999,54.18,40.4,82311,66.9,58.2,6555205.0,1536,673173.9453,6618,2689,-0.020098308,0.0,0.009295168000000001,0.05663966,0.070904363,-2.05e-05,0.035530134,0.305557998,-0.11055730000000001,-0.119386361,0.0,0.0,0.0,0.0,0.0,-0.09058614599999999,-0.014386013999999999
2020-09-01,1.321740909,2.45,0.548651676,44363.54588,642.286,11119.76762,1922.101364,17850.99984,2346.044135,13622.70035,13399.63011,54.18,40.4,82311,67.5,60.1,6555205.0,1549,686191.4216,3490,3922,-0.00129617,0.0,0.01045506,0.000983395,-0.022635949,-9.09e-05,0.000377969,0.08381581099999999,-0.11611291300000001,-0.103767119,0.0,0.0,0.0,0.0,0.0,0.008463542,0.019337463
2020-10-01,1.321338273,2.45,0.7,44628.00813,644.0925,11455.09175,1897.330909,17281.0,2212.0,12011.0,12351.0,54.18,40.4,82311,68.0,60.7,6555205.0,1438,668160.6273,3550,2872,-0.000304626,0.0,0.005961251,0.00281261,-0.012887174,7.69e-05,-0.031930975,-0.057136237,-0.11830990300000001,-0.078258138,0.0,0.0,0.0,0.0,0.0,-0.071659135,-0.026276624
2020-11-01,1.307030143,2.45,0.7,45052.95819,652.8825,11786.198540000001,1866.6552379999998,17281.0,2212.0,12011.0,12351.0,54.18,40.4,82311,67.7,60.7,6555205.0,1375,640207.7862,3272,2295,-0.010828514,0.0,0.009522049,0.013647108,-0.016167802,0.000287936,0.0,0.0,0.0,0.0,0.0,0.0,0.0,0.0,0.0,-0.043810848,-0.041835511
2020-12-01,1.281517091,2.45,0.7,45143.29965,669.806,12605.30953,1852.8952170000002,17281.0,2212.0,12011.0,12351.0,54.18,40.4,82311,67.0,59.7,6555205.0,1551,625828.1154,2876,1903,-0.019519865,0.0,0.002005228,0.025921202999999997,-0.007371485,0.000480244,0.0,0.0,0.0,0.0,0.0,0.0,0.0,0.0,0.0,0.128,-0.022460942999999997
