Date,Exchange Rate,Prime_Rate,INDINF_CPI_Q,GDP,W.MTLS,Open,Gold_Price_in_USD,Gold_Price_in_USD_after_2016
1950-10,1.0533333333333332,,,,,,,
1950-11,1.040318181818182,,,,,,,
1950-12,1.0530750000000002,,,,,,,
1951-01,1.0518727272727275,,,,,,,
1951-02,1.0491300000000001,,,,,,,
1951-03,1.0472900000000003,,,,,,,
1951-04,1.0596190476190475,,,,,,,
1951-05,1.0637045454545453,,,,,,,
1951-06,1.06939,,,,,,,
1951-07,1.0606666666666664,,,,,,,
1951-08,1.0557565217391305,,,,,,,
1951-09,1.0556052631578947,,,,,,,
1951-10,1.050859090909091,,,,,,,
1951-11,1.0433727272727273,,,,,,,
1951-12,1.0258699999999998,,,,,,,
1952-01,1.0048,,,,,,,
1952-02,1.0009899999999998,,,,,,,
1952-03,0.9958999999999998,,,,,,,
1952-04,0.9809300000000002,,,,,,,
1952-05,0.9838045454545458,,,,,,,
1952-06,0.97918,,,,,,,
1952-07,0.9691000000000002,,,,,,,
1952-08,0.961309523809524,,,,,,,
1952-09,0.9597714285714286,,,,,,,
1952-10,0.9642636363636364,,,,,,,
1952-11,0.9766263157894738,,,,,,,
1952-12,0.9705863636363635,,,,,,,
1953-01,0.9705333333333334,,,,,,,
1953-02,0.9772799999999998,,,,,,,
1953-03,0.9833272727272727,,,,,,,
1953-04,0.9837250000000001,,,,,,,
1953-05,0.9941049999999999,,,,,,,
1953-06,0.9943857142857143,,,,,,,
1953-07,0.9918272727272729,,,,,,,
1953-08,0.9884090833333331,,,,,,,
1953-09,0.9848834615384615,,,,,,,
1953-10,0.9827242592592592,,,,,,,
1953-11,0.9780470416666666,,,,,,,
1953-12,0.9729361200000003,,,,,,,
1954-01,0.9729559999999996,,,,,,,
1954-02,0.9664941249999998,,,,,,,
1954-03,0.9703062962962963,,,,,,,
1954-04,0.9821264782608693,,,,,,,
1954-05,0.984406083333333,,,,,,,
1954-06,0.9813655652173914,,,,,,,
1954-07,0.9748212962962962,,,,,,,
1954-08,0.9701429615384616,,,,,,,
1954-09,0.9695760000000002,,,,,,,
1954-10,0.9699006538461536,,,,,,,
1954-11,0.9690970400000001,,,,,,,
1954-12,0.9680196923076921,,,,,,,
1955-01,0.9660972800000002,,,,,,,
1955-02,0.9767492499999998,,,,,,,
1955-03,0.9842497407407408,,,,,,,
1955-04,0.985853956521739,,,,,,,
1955-05,0.9858589999999999,,,,,,,
1955-06,0.9842615,,,,,,,
1955-07,0.9844793076923074,,,,,,,
1955-08,0.9849842592592594,,,,,,,
1955-09,0.9874940769230769,,,,,,,
1955-10,0.9948316923076924,,,,,,,
1955-11,0.9993229199999999,,,,,,,
1955-12,0.999397,,,,,,,
1956-01,0.998547846153846,,,,,,,
1956-02,0.9990513200000002,,,,,,,
1956-03,0.9986063599999998,,,,,,,
1956-04,0.9967470416666667,,,,,,,
1956-05,0.9919457272727271,,,,,,,
1956-06,0.9852553076923077,,,,,,,
1956-07,0.9814985384615385,,,,,,,
1956-08,0.9811243703703701,,,,,,,
1956-09,0.9776123199999998,,,,,,,
1956-10,0.973544148148148,,,,,,,
1956-11,0.96430904,,,,,,,
1956-12,0.9602731304347827,,,,,,,
1957-01,0.9605258461538463,,,,,,,
1957-02,0.9582585000000003,,,,,,,
1957-03,0.9560203461538459,,,,,,,
1957-04,0.9596043478260867,,,,,,,
1957-05,0.9553562799999998,,,,,,,
1957-06,0.9531402380952381,,,,,,,
1957-07,0.9509301851851854,,,,,,,
1957-08,0.9475692962962964,,,,,,,
1957-09,0.95863544,,,,,,,
1957-10,0.9649850370370368,,,,,,,
1957-11,0.9622541200000002,,,,,,,
1957-12,0.977036347826087,,,,,,,
1958-01,0.9849102307692307,,,,,,,
1958-02,0.9809855416666665,,,,,,,
1958-03,0.9772369615384615,,,,,,,
1958-04,0.970511739130435,,,,,,,
1958-05,0.9667703913043476,,,,,,,
1958-06,0.9617688260869565,,,,,,,
1958-07,0.959692925925926,,,,,,,
1958-08,0.9643473846153847,,,,,,,
1958-09,0.9760153461538462,,,,,,,
1958-10,0.9707455925925927,,,,,,,
1958-11,0.968265695652174,,,,,,,
1958-12,0.964600125,,,,,,,
1959-01,0.9668838800000001,,,,,,,
1959-02,0.9747170434782606,,,,,,,
1959-03,0.9698963181818182,,,,,,,
1959-04,0.9635002800000002,,,,,,,
1959-05,0.9626619523809523,,,,,,,
1959-06,0.9587957083333333,,,,,,,
1959-07,0.9570886923076922,,,,,,,
1959-08,0.9546043600000003,,,,,,,
1959-09,0.95170648,,,,,,,
1959-10,0.9475851153846153,,,,,,,
1959-11,0.9497995217391307,,,,,,,
1959-12,0.9511350833333334,,,,,,,
1960-01,0.9527675833333333,,,,,,,
1960-02,0.9517015833333334,,,,,,,
1960-03,0.9506826153846153,,,,,,,
1960-04,0.9625641739130436,,,,,,,
1960-05,0.9773718750000002,,,,,,,
1960-06,0.9820546666666669,,,,,,,
1960-07,0.9787504800000001,,,,,,,
1960-08,0.9697341153846156,,,,,,,
1960-09,0.9723101199999999,,,,,,,
1960-10,0.97851504,,,,,,,
1960-11,0.9763509999999999,,,,,,,
1960-12,0.9823590833333334,,,,,,,
1961-01,0.9932756400000001,,,,,,,
1961-02,0.9895776086956521,,,,,,,
1961-03,0.9872332083333334,,,,,,,
1961-04,0.9888330526315791,,,,,,,
1961-05,0.9874224,,,,,,,
1961-06,1.00520275,,,,,,,
1961-07,1.0337579047619048,,,,,,,
1961-08,1.0315171739130433,,,,,,,
1961-09,1.0306652857142857,,,,,,,
1961-10,1.0301344090909093,,,,,,,
1961-11,1.0354382380952383,,,,,,,
1961-12,1.0426287894736843,,,,,,,
1962-01,1.0449405,,,,,,,
1962-02,1.04863595,,,,,,,
1962-03,1.0492865909090907,,,,,,,
1962-04,1.0499019473684208,,,,,,,
1962-05,1.083520761904762,,,,,,,
1962-06,1.0877160000000001,,,,,,,
1962-07,1.0792272272727272,,,,,,,
1962-08,1.0776249130434783,,,,,,,
1962-09,1.0767555500000001,,,,,,,
1962-10,1.0759977391304347,,,,,,,
1962-11,1.0765842380952382,,,,,,,
1962-12,1.0758776315789473,,,,,,,
1963-01,1.0772188636363635,,,,,,,
1963-02,1.0777030499999996,,,,,,,
1963-03,1.0779956190476192,,,,,,,
1963-04,1.0768803999999998,,,,,,,
1963-05,1.0773833809523812,,,,,,,
1963-06,1.0782714705882355,,,,,,,
1963-07,1.0795106956521738,,,,,,,
1963-08,1.082895136363636,,,,,,,
1963-09,1.080152238095238,,,,,,,
1963-10,1.077885956521739,,,,,,,
1963-11,1.0775804,,,,,,,
1963-12,1.0792646499999998,,,,,,,
1964-01,1.080279,,,,,,,
1964-02,1.07996595,,,,,,,
1964-03,1.0804718000000002,,,,,,,
1964-04,1.0808937272727273,,,,,,,
1964-05,1.080895,,,,,,,
1964-06,1.080968619047619,,,,,,,
1964-07,1.0812536086956523,,,,,,,
1964-08,1.0786286666666665,,,,,,,
1964-09,1.0761576363636363,,,,,,,
1964-10,1.0753673636363636,,,,,,,
1964-11,1.0741024000000001,,,,,,,
1964-12,1.0745986363636364,,,,,,,
1965-01,1.0737090499999997,,,,,,,
1965-02,1.07559115,,,,,,,
1965-03,1.0810637391304347,,,,,,,
1965-04,1.0791980000000003,,,,,,,
1965-05,1.07950305,,,,,,,
1965-06,1.0823325000000001,,,,,,,
1965-07,1.0834128181818183,,,,,,,
1965-08,1.0785739090909094,,,,,,,
1965-09,1.076322909090909,,,,,,,
1965-10,1.0751466190476189,,,,,,,
1965-11,1.0750389523809523,,,,,,,
1965-12,1.0757358260869565,,,,,,,
1966-01,1.0745905714285715,,,,,,,
1966-02,1.0763013,,,,,,,
1966-03,1.0761671304347826,,,,,,,
1966-04,1.0769138421052629,,,,,,,
1966-05,1.0765791999999998,,,,,,,
1966-06,1.0764314499999998,,,,,,,
1966-07,1.0747871428571427,,,,,,,
1966-08,1.0750366956521742,,,,,,,
1966-09,1.0761918636363637,,,,,,,
1966-10,1.0794036190476193,,,,,,,
1966-11,1.0819638095238098,,,,,,,
1966-12,1.0829759047619045,,,,,,,
1967-01,1.0798404999999998,,,,,,,
1967-02,1.0804642500000001,,,,,,,
1967-03,1.0820001428571426,,,,,,,
1967-04,1.0822536999999999,,,,,,,
1967-05,1.0820904736842105,,,,,,,
1967-06,1.0804477272727273,,,,,,,
1967-07,1.0779730952380953,,,,,,,
1967-08,1.0758116956521737,,,,,,,
1967-09,1.075386142857143,,,,,,,
1967-10,1.0733064090909088,,,,,,,
1967-11,1.074863142857143,,,,,,,
1967-12,1.080108842105263,,,,,,,
1968-01,1.0844162727272726,,,,,,,
1968-02,1.087192142857143,,,,,,,
1968-03,1.0851780952380952,,,,,,,
1968-04,1.0801541000000001,,,,,,,
1968-05,1.0778137142857145,,,,,,,
1968-06,1.076535823529412,,,,,,,
1968-07,1.073687652173913,,,,,,,
1968-08,1.0726559090909091,,,,,,,
1968-09,1.073000857142857,,,,,,,
1968-10,1.072737956521739,,,,,,,
1968-11,1.0728726111111113,,,,,,,
1968-12,1.07290445,,,,,,,
1969-01,1.0726223181818182,,,,,,,
1969-02,1.07412775,,,,,,,
1969-03,1.076578238095238,,,,,,,
1969-04,1.0760472499999998,,,,,,,
1969-05,1.077742210526316,,,,,,,
1969-06,1.0792472631578944,,,,,,,
1969-07,1.0807485217391306,,,,,,,
1969-08,1.0781606666666672,,,,,,,
1969-09,1.0780107894736843,,,,,,,
1969-10,1.0778311739130435,,,,,,,
1969-11,1.0756211052631581,,,,,,,
1969-12,1.0741037142857142,,,,,,,
1970-01,1.0727363333333333,,,,,,,
1970-02,1.07295835,,,,,,,
1970-03,1.0727081000000003,,,,,,,
1970-04,1.0727311818181817,,,,,,,
1970-05,1.0727827647058825,,,,,,,
1970-06,1.0374936190476192,,,,,,,
1970-07,1.0322655652173913,,,,,,,
1970-08,1.021596476190476,,,,,,,
1970-09,1.0158795454545455,,,,,,,
1970-10,1.021350409090909,,,,,,,
1970-11,1.0201728,,,,,,,
1970-12,1.0174793181818182,,,,,,,
1971-01,1.011825,,,,,,,
1971-02,1.0074666666666667,,,,,100.96333293333332,,
1971-03,1.0063739130434783,,,,,104.44826043478261,,
1971-04,1.0077000000000003,,,,,109.55523790476192,,
1971-05,1.0087200000000003,,,,,109.57050025000001,,
1971-06,1.0213363636363635,,,,,108.56772763636364,,
1971-07,1.0213142857142856,,,,,109.3033330952381,,
1971-08,1.0130181818181818,,,,,106.51318209090908,,
1971-09,1.013,,,,,109.52380914285715,,
1971-10,1.0047000000000001,,,,,108.41000038095238,,
1971-11,1.0039300000000002,,,,,103.5852384761905,,
1971-12,0.9993260869565216,,,,,109.80545495454545,,
1972-01,1.0059095238095237,,,,100.0,116.54333385714285,,
1972-02,1.0047150000000002,,,,100.6275,122.6645008,,
1972-03,0.998478260869565,,,,101.27799999999999,127.54818168181818,,
1972-04,0.995715,,,,101.22749999999999,131.814499,,
1972-05,0.9889454545454545,,,,101.248,130.49636322727272,,
1972-06,0.9795363636363636,,,,100.87,130.9790919545455,,
1972-07,0.9839500000000001,,,,100.6175,129.18249935,,
1972-08,0.9824086956521739,,,,101.108,130.6186941304348,,
1972-09,0.983005,,,,102.775,128.28400125000002,,
1972-10,0.9827349999999999,,,,102.7075,128.3950011818182,,
1972-11,0.9873800000000003,,,,102.12599999999999,132.67450019999998,,
1972-12,0.9967500000000001,,,,102.59,133.31210336842108,,
1973-01,0.999286363636364,,,,106.492,133.52904833333335,,
1973-02,0.9956388888888887,,,,111.75,124.49684215789473,,
1973-03,0.9966727272727272,,,,120.56,119.58272749999998,,
1973-04,1.0007190476190477,,,,123.55749999999999,112.95,,
1973-05,1.00075,,,,127.508,106.37090836363636,,
1973-06,0.9984,,,,134.8875,101.75285742857143,,
1973-07,0.9995142857142858,,,,142.19750000000002,104.68619019047621,,
1973-08,1.0039478260869565,,,,143.844,104.38956486956522,,
1973-09,1.0082684210526316,,,,144.92749999999998,107.64263163157896,,
1973-10,1.0010999999999999,,,,150.26600000000002,112.35739034782607,,
1973-11,0.9990850000000002,,,,159.64,101.291905,,
1973-12,0.99942,,,,161.665,90.79249920000002,,
1974-01,0.9914999999999999,,,,163.05200000000002,94.20909054545454,,
1974-02,0.9766111111111111,,,,175.2575,92.20368357894736,,
1974-03,0.9720428571428572,,,,188.02249999999998,94.96523838095239,,
1974-04,0.9675545454545454,,,,204.1575,89.5890470952381,,
1974-05,0.9623272727272728,,,,212.348,83.39727263636364,,
1974-06,0.9663750000000002,,,,203.4275,81.00149915,,
1974-07,0.9763454545454544,,,,188.702,72.43499963636363,,
1974-08,0.9798954545454546,,,,187.87,66.58227245454545,,
1974-09,0.9863650000000004,,,,175.79250000000002,58.641999999999996,,
1974-10,0.9830181818181818,,,,170.754,60.575217260869564,,
1974-11,0.9873666666666665,,,,169.50000000000003,63.94250075,,
1974-12,0.9882285714285712,,,,160.505,59.16190461904762,,
1975-01,0.9947727272727274,10.7,,,159.822,64.45727286363638,,
1975-02,1.000427777777778,9.5,,,161.77,72.08315800000001,,
1975-03,1.0004571428571427,9.0,,,165.03,75.05699965,,
1975-04,1.0110181818181818,9.0,,,163.20599999999996,76.97500027272726,,
1975-05,1.028590476190476,9.0,,,161.39,81.84761890476189,,
1975-06,1.025821238095238,9.0,,,159.87,84.64142823809524,,
1975-07,1.0302763478260868,9.0,,,161.64399999999998,85.61999918181819,,
1975-08,1.03473315,9.0,,,164.5975,78.40761823809524,,
1975-09,1.0261271363636366,9.5625,,,162.3275,75.91476176190476,,
1975-10,1.024509695652174,9.75,,,158.02,77.25826099999999,,
1975-11,1.0137961666666666,9.75,,,155.8725,78.0405265263158,,
1975-12,1.012901,9.75,,,155.21399999999997,75.90818195454546,,
1976-01,1.0064680000000004,9.75,,,156.97,83.37714357142858,,
1976-02,0.99388465,9.75,,,156.16,89.30210431578946,,
1976-03,0.9853201304347824,10.15,,,163.26399999999998,90.24130478260874,,
1976-04,0.9829389000000001,10.25,,,169.34,90.1414289047619,,
1976-05,0.9796061500000001,10.25,,,169.5375,89.29099925000001,,
1976-06,0.9731267142857141,10.25,,,171.706,88.76681909090911,,
1976-07,0.9715474761904762,10.25,,,174.09,91.44761976190478,,
1976-08,0.9851944090909089,10.25,,,169.85999999999999,90.87090849999998,,
1976-09,0.9748184090909094,10.25,,,170.154,91.40571371428572,,
1976-10,0.9725197142857143,10.25,,,166.10999999999999,89.49999957142856,,
1976-11,0.9854037499999997,10.125,,,165.585,89.53149984999999,,
1976-12,1.0193286363636367,9.65,,,166.28199999999998,94.55181840909091,,
1977-01,1.0104419523809525,9.25,,,171.4875,96.89809528571428,,
1977-02,1.0278885,8.75,,,174.08999999999997,96.08999957894737,,
1977-03,1.050880260869565,8.75,,,179.572,95.70130473913045,,
1977-04,1.050504894736842,8.75,,,178.35999999999999,95.00450064999998,,
1977-05,1.0483822631578947,8.75,,,176.8825,96.94476252380953,,
1977-06,1.0573645454545455,8.25,,,174.17600000000002,97.86545422727274,,
1977-07,1.0605727894736845,8.25,,,172.29500000000002,101.34894768421053,,
1977-08,1.0742764545454542,8.25,,,169.018,100.57956560869566,,
1977-09,1.0731706818181816,8.25,,,167.89,100.41333338095237,,
1977-10,1.0985818095238098,8.25,,,167.67499999999998,99.24714304761903,,
1977-11,1.1089683999999997,8.25,,,166.76999999999998,100.69190433333333,,
1977-12,1.0980637619047617,8.25,,,169.02,103.71047638095239,,
1978-01,1.100929363636364,8.25,,,171.6825,100.78047619047618,,
1978-02,1.1130853000000003,8.25,,,170.3075,102.44473626315789,,
1978-03,1.1242234761904766,8.55,,,171.94000000000003,104.01000009090912,,
1978-04,1.1413234210526317,9.25,,,174.3275,110.7684997,,
1978-05,1.1173724000000003,9.25,,,174.99999999999997,119.07727331818182,,
1978-06,1.121147,9.25,,,179.42,122.01181781818181,,
1978-07,1.1241553999999998,9.25,,,180.82500000000002,122.11900025,,
1978-08,1.1400482857142857,9.75,,,185.90800000000002,132.54000126086956,,
1978-09,1.1645920952380953,10.0,,,189.43,135.2345002,,
1978-10,1.1825622272727272,10.625,,,194.2425,127.67772845454543,,
1978-11,1.1725394285714288,11.4,,,194.36399999999998,114.1223804761905,,
1978-12,1.1794430526315791,11.5,,,195.92249999999999,117.24850080000002,,
1979-01,1.1889100454545456,11.9,,,202.45,123.71818168181817,,
1979-02,1.1956052,12.0,,,219.5,124.54894784210528,,
1979-03,1.1742906818181817,12.0,,,227.2,128.08045395454545,,
1979-04,1.1468315263157893,12.0,,,234.31750000000002,133.44549865,,
1979-05,1.155975285714286,12.0,,,239.92400000000004,131.34863690909094,,
1979-06,1.1716042000000002,12.0,,,243.5525,135.6395241904762,,
1979-07,1.1637640909090914,12.125,,,243.16,138.58047623809526,,
1979-08,1.1701853913043474,12.5,,,246.92999999999998,146.68565226086955,,
1979-09,1.1654557999999997,12.875,,,264.8225,149.20368473684212,,
1979-10,1.1752004782608696,13.8,,,278.772,140.52652047826086,,
1979-11,1.179918590909091,15.0,,,280.93,138.78285804761904,,
1979-12,1.1687665,15.0,,,305.71500000000003,148.7484993,,
1980-01,1.1637593181818182,15.0,,,350.27000000000004,155.14090859090908,,
1980-02,1.155922857142857,15.0,,,365.71750000000003,161.64400105000004,,
1980-03,1.1722757142857145,15.375,,,329.14,141.10047609523812,,
1980-04,1.18490045,17.1,,,300.098,136.28666609523808,,
1980-05,1.1727796842105265,15.1875,,,286.4,145.68476147619054,,
1980-06,1.1514838095238094,13.625,,,297.98249999999996,155.42904666666666,,
1980-07,1.1513591304347826,12.9,,,311.132,166.9259095,,
1980-08,1.1587909523809525,12.25,,,311.04,177.72904814285715,,
1980-09,1.1637968181818181,12.25,,,318.24,189.48571347619045,,
1980-10,1.1685310869565217,12.7,,,317.25200000000007,195.75782386956527,,
1980-11,1.1853161,13.625,,,296.615,200.68555544444445,,
1980-12,1.1966053,16.7,,,291.00399999999996,198.3986372272727,,
1981-01,1.190109,18.25,,,290.59,198.98285852380957,,
1981-02,1.1987356000000002,18.25,,,284.78499999999997,194.85210378947366,,
1981-03,1.191808909090909,18.125,,,283.85999999999996,203.57999972727274,,
1981-04,1.19030515,17.95,,,269.39799999999997,215.22381009523806,,
1981-05,1.2006013157894737,19.25,,,275.0025,216.54349899999997,,
1981-06,1.203793761904762,19.875,,,268.45750000000004,220.04045390909096,,
1981-07,1.2103617826086954,20.2,,,259.146,209.83636481818178,,
1981-08,1.2235818571428576,22.5,,,263.1175,206.59856966666666,,
1981-09,1.2011314545454543,21.85,,,263.634,185.37238128571425,,
1981-10,1.2022270454545454,20.4375,,,256.71,190.20136336363637,,
1981-11,1.1882668095238096,18.6875,,,250.28499999999997,199.2290001,,
1981-12,1.1845642380952381,17.25,,,246.788,197.14954513636366,,
1982-01,1.1920688,16.5,,,241.38500000000002,187.67850185,,
1982-02,1.2132556,16.5,,,239.32,182.6284227894737,,
1982-03,1.220263565217391,16.6,,,226.97599999999997,173.2839116956522,,
1982-04,1.2245764,17.0,,,226.0,181.84428485714284,,
1982-05,1.2324319473684213,17.0,,,221.7425,184.607,,
1982-06,1.2732905454545456,17.7,,,207.60399999999998,172.07363745454543,,
1982-07,1.270850590909091,17.875,,,216.07,169.62523980952386,,
1982-08,1.2453583181818184,16.8125,,,220.0125,167.26363650000002,,
1982-09,1.234267,15.5,,,228.47200000000004,185.08857076190475,,
1982-10,1.2296154285714285,14.25,,,228.48749999999998,203.94142804761907,,
1982-11,1.225472772727273,13.375,,,224.1875,226.97047638095236,,
1982-12,1.2377549090909092,12.8,,,228.356,233.03045445454546,,
1983-01,1.2278660952380955,12.0,,,243.065,241.4761904285714,,
1983-02,1.2272598,11.875,,,256.0575,256.0584234736842,,
1983-03,1.2256765909090908,11.5,,,249.50799999999998,266.4513033478261,,
1983-04,1.2321309473684212,11.25,,,255.58,279.5579957,,
1983-05,1.22856995,11.0,,,264.63750000000005,302.4471435714285,,
1983-06,1.2321183636363637,11.0,,,259.048,319.33090895454546,,
1983-07,1.2318606666666665,11.0,,,262.0375,316.23200075,,
1983-08,1.233420695652174,11.0,,,264.992,296.8743459130435,,
1983-09,1.231981681818182,11.0,,,264.07,300.3699995714286,,
1983-10,1.2316945714285714,11.0,,,254.2225,286.52476280952374,,
1983-11,1.2366155,11.0,,,247.902,278.64761928571426,,
1983-12,1.2464905238095239,11.0,,,250.32,278.65571666666665,,
1984-01,1.2482686363636362,11.0,,,248.6275,282.0042855238095,,
1984-02,1.2478579047619045,11.0,,,252.228,254.38650210000006,,
1984-03,1.2691411363636362,11.25,,,256.44,251.2500006818182,,
1984-04,1.279226052631579,11.5,,,251.0575,245.19899830000003,,
1984-05,1.29451,11.9,,,244.73000000000002,245.24318145454546,,
1984-06,1.3033394,12.125,,,241.01500000000001,238.37190457142862,,
1984-07,1.3238958636363638,13.375,,,228.82750000000001,232.40380928571426,,
1984-08,1.3033651739130436,13.2,,,227.002,250.3460865652174,,
1984-09,1.3130197999999997,13.0,,,218.1,252.00473584210528,,
1984-10,1.3183042608695652,12.9,,,217.61599999999999,247.1465215652174,,
1984-11,1.3161820454545452,12.25,,,225.15,246.56666638095243,,
1984-12,1.320405333333333,11.6875,,,218.67000000000002,241.77000044999994,,
1985-01,1.3232044545454544,11.1,,,214.12199999999999,260.054546,,
1985-02,1.3519150999999998,11.125,,,216.39249999999998,285.2368421052632,,
1985-03,1.3848332857142855,11.6875,,,216.89999999999998,280.5761879047618,,
1985-04,1.3645598999999997,11.0625,,,223.9225,280.94762019047613,,
1985-05,1.3760497500000002,10.65,,,224.21400000000003,287.27272454545454,,
1985-06,1.36759065,10.5,,,218.12500000000003,290.2749969999999,,
1985-07,1.3522598260869565,10.5,,,215.602,301.886365,,
1985-08,1.3569066818181819,10.4375,,,213.54,298.35909336363636,,
1985-09,1.370598285714286,10.25,,,206.98,288.5473665263157,,
1985-10,1.3666304782608694,10.05,,,203.13400000000001,284.9956493043478,,
1985-11,1.3763956190476192,10.0,,,199.4025,303.79000089999994,,
1985-12,1.3947263999999997,10.0,,,208.66250000000002,319.88571457142854,,
1986-01,1.406135863636364,10.7,,,212.902,328.35908927272726,,
1986-02,1.4046697,12.4375,,,211.125,348.1447384210527,,
1986-03,1.4024215789473686,12.625,,,214.66000000000003,367.96999819999996,,
1986-04,1.3878326666666667,11.55,,,212.67000000000002,382.54545318181823,,
1986-05,1.3751602105263159,10.5,,,212.33,388.1047596190476,,
1986-06,1.3889847142857144,10.25,,,214.4,398.56666923809524,,
1986-07,1.3808943043478261,10.05,,,212.06,386.8681820909091,,
1986-08,1.388580047619048,9.75,,,215.0525,375.2809535238095,,
1986-09,1.3871593181818178,9.75,,,226.28,359.0333324761905,,
1986-10,1.388208652173913,9.75,,,226.28399999999996,354.8304350434782,,
1986-11,1.3859305499999999,9.75,,,219.51749999999998,358.1473693684211,,
1986-12,1.37979645,9.75,,,217.456,355.1045449090909,,
1987-01,1.3616462857142857,9.625,,,220.94,382.7523803809524,,
1987-02,1.3342298499999998,9.25,,,225.4675,410.526312631579,,
1987-03,1.319653772727273,9.0,,,231.92000000000002,431.85908654545443,,
1987-04,1.31856105,8.85,,,240.612,422.9380958095239,,
1987-05,1.3409104736842106,9.3125,,,252.27749999999997,416.9200012000001,,
1987-06,1.3384287142857145,9.5,,,254.205,423.63636090909097,,
1987-07,1.325521043478261,9.5,,,265.73400000000004,428.77727027272726,,
1987-08,1.32562,10.0,,,278.2875,447.59999600000015,,
1987-09,1.3159356363636365,10.0,,,276.36,443.28095066666657,,
1987-10,1.3100198181818181,10.1875,,,290.25,389.0045443636364,,
1987-11,1.3154811904761905,9.75,,,288.08,318.9650009,,
1987-12,1.3076218181818182,9.75,,,307.64,313.35908927272726,,
1988-01,1.2860141999999999,9.75,,,315.1,339.0050018,,
1988-02,1.2689190952380953,9.75,,,314.77500000000003,352.9,,
1988-03,1.2493929565217392,9.75,,,358.34000000000003,375.4913064347826,,
1988-04,1.2346489473684208,9.875,,,373.78,376.7600006,,
1988-05,1.2370404,10.25,,,391.9200000000001,371.8476227619048,,
1988-06,1.2179550909090908,10.65,,,411.814,385.24545290909094,,
1988-07,1.2077389523809523,10.75,,,369.1375,391.40999609999994,,
1988-08,1.2226962173913043,10.85,,,370.924,379.77825930434784,,
1988-09,1.2271732272727274,11.5,,,347.75,381.5952409523809,,
1988-10,1.2056250476190475,11.75,,,353.7975,384.87619161904763,,
1988-11,1.2173191363636364,11.75,,,370.556,372.8904753333333,,
1988-12,1.1957299523809524,12.125,,,393.12,375.4000025714285,,
1989-01,1.1913854545454547,12.25,,,393.0625,388.5476161904761,,
1989-02,1.18881405,12.375,,,384.03000000000003,403.9105272631579,,
1989-03,1.1947266818181816,12.9,,,380.774,403.6500008181819,,
1989-04,1.1885999999999999,13.5,,,363.09499999999997,416.4550018000001,,
1989-05,1.19314275,13.5,,,353.14,435.5772705454545,,
1989-06,1.198404681818182,13.5,,,327.9825,448.0181829090909,,
1989-07,1.1890814761904762,13.5,,,323.11,445.91999970000006,,
1989-08,1.1753515652173916,13.5,,,331.97799999999995,461.5565251304347,,
1989-09,1.1821585714285714,13.5,,,320.90749999999997,469.2300002999999,,
1989-10,1.1744584090909092,13.5,,,320.965,469.8090903636363,,
1989-11,1.1693947727272729,13.5,,,312.232,454.9190484761905,,
1989-12,1.1617317894736843,13.5,,,302.405,449.0799988,,
1990-01,1.170878181818182,13.5,,,284.52599999999995,440.10000327272735,,
1990-02,1.1967895,13.875,,,283.0325,423.8473639999999,,
1990-03,1.180621727272727,14.25,,,303.2375,435.6545479090909,,
1990-04,1.1645783157894736,14.375,,,297.33500000000004,429.59600515,,
1990-05,1.174662772727273,14.75,,,297.244,441.43181681818174,,
1990-06,1.1730052499999999,14.75,,,291.3275,462.3285697142857,,
1990-07,1.157205409090909,14.75,,,297.245,456.4476201904762,,
1990-08,1.1448014545454546,14.55,,,320.398,397.3695665217391,,
1990-09,1.1579850999999999,14.125,,,331.52750000000003,369.5421062105263,,
1990-10,1.1596050434782605,13.75,,,311.15600000000006,338.7000002608696,,
1990-11,1.1636059090909092,13.625,,,291.135,346.3238089523809,,
1990-12,1.1602728947368421,13.125,,,282.015,369.2350021000001,,
1991-01,1.155675863636364,12.55,,,283.52599999999995,375.08636472727267,,
1991-02,1.15490495,11.5,,,278.5825,441.45789378947376,,
1991-03,1.1568038999999999,11.25,,,279.135,468.0585022,,
1991-04,1.153271238095238,10.75,,,279.5575,496.370454318182,,
1991-05,1.149585761904762,10.05,,,269.822,490.4504560909091,,
1991-06,1.1438451500000002,9.75,,,266.885,491.39700165000005,365.8875,
1991-07,1.1483437391304345,9.75,,,269.47,488.33000045454554,368.0151851851851,
1991-08,1.1452817272727271,9.75,,,262.8025,512.0513652727273,356.4640740740741,
1991-09,1.1370995238095236,9.625,,,258.4125,520.6944960500001,348.18679999999995,
1991-10,1.1283486956521738,9.25,,,255.892,528.4695647391305,358.8737037037037,
1991-11,1.130166761904762,8.5625,,,256.115,537.29799805,360.0526923076923,
1991-12,1.1452491999999999,8.125,,,253.37,541.7561907619048,360.87666666666667,
1992-01,1.1560829545454547,7.9,,,255.28400000000002,614.1749988636363,354.2324000000001,
1992-02,1.1822808500000002,7.5,,,262.5575,632.312635,353.86,
1992-03,1.1921276363636364,8.0625,,,262.4375,620.9486388636362,344.56039999999996,
1992-04,1.1883266000000003,7.95,,,263.29200000000003,584.0547659523809,338.68600000000004,
1992-05,1.1987894736842106,7.6875,,,263.53499999999997,581.4045011999999,337.065,
1992-06,1.1964133333333333,7.25,,,263.23499999999996,567.6172734999999,340.79541666666665,
1992-07,1.1917957391304346,6.95,,,270.178,567.6395430909091,352.4523076923076,
1992-08,1.1900719523809524,6.5625,,,269.71250000000003,569.736671047619,343.41499999999996,
1992-09,1.2209037727272727,6.3,,,265.26599999999996,579.5871378571429,345.6075,
1992-10,1.2452321363636363,8.125,,,251.5925,583.9509055454546,344.59607142857146,
1992-11,1.2675234285714287,8.25,,,241.74499999999998,628.5730011500001,335.1427586206896,
1992-12,1.272145318181818,8.15,,,245.76800000000003,660.2709101363636,334.94925925925924,
1993-01,1.2769741499999998,6.9375,2.2,,246.1325,690.1290069000001,329.26359999999994,
1993-02,1.26067415,6.6875,,,245.645,683.346843368421,329.25304347826085,
1993-03,1.2469040869565216,6.2,,,240.75,683.6900023913043,329.9432142857143,
1993-04,1.2617393,6.0,1.8,,238.8075,666.5104660952381,341.86086956521746,
1993-05,1.2698532105263158,6.0,,,241.28750000000002,684.7089996499999,366.77000000000004,
1993-06,1.2788104545454546,6.0,,,243.388,695.6181806818182,371.8711538461538,
1993-07,1.2822347727272723,5.8125,1.8,,248.79249999999996,702.8985770952381,391.70740740740735,
1993-08,1.3072521818181821,5.75,,,243.7975,724.2054499545453,377.795,
1993-09,1.3204085454545453,5.75,,,232.32600000000002,745.2209559523811,355.7088461538461,
1993-10,1.325690523809524,5.75,1.8,,229.16,771.8623801904762,363.9528000000001,
1993-11,1.3167130909090907,5.5625,,,229.3225,765.5233387142857,373.99000000000007,
1993-12,1.3320086521739132,5.5,,,237.53000000000003,761.7595463636364,382.9391666666666,
1994-01,1.316124761904762,5.5,0.5,,247.67,786.7033313333334,386.32695652173913,
1994-02,1.3409463,5.5,,,254.91000000000003,788.1910561052632,381.8791304347825,
1994-03,1.3642905652173913,5.65,,,256.42600000000004,786.6104339130435,384.1480769230769,
1994-04,1.3823681578947367,6.75,0.0,,253.5725,733.2894672631578,378.62695652173915,
1994-05,1.3803146500000003,6.75,,,262.57,727.5480928095238,381.6507692307692,
1994-06,1.3834094090909093,7.25,,,272.898,724.5427274090907,385.9480000000001,
1994-07,1.3831489047619048,7.6875,0.1,,280.115,713.0709931,385.4359259259259,
1994-08,1.3783114782608694,7.25,,,274.546,737.246091043478,380.28925925925927,
1994-09,1.3542593181818183,7.0625,,,287.0525,763.8971470476191,391.023076923077,
1994-10,1.350233,7.0,0.0,,294.3575,762.2299977619048,390.07586206896536,
1994-11,1.3643901818181816,7.0,,,312.48400000000004,762.0471393809524,384.2189655172414,
1994-12,1.388613095238095,7.875,,,316.135,735.1371401904762,378.95071428571424,
1995-01,1.412917,8.625,1.5,,328.33,758.2176194761903,378.56892857142867,
1995-02,1.40060005,9.3125,,,318.3125,782.6863146315789,376.59703703703707,
1995-03,1.4071193043478263,9.65,,,306.84000000000003,806.2521759999998,381.461935483871,
1995-04,1.377306388888889,9.75,2.7,,312.925,824.5631585789475,391.00000000000006,
1995-05,1.3603662857142855,9.35,,,305.402,859.5031820909091,385.5882142857143,
1995-06,1.3773188571428574,8.8125,,,310.6575,903.831817590909,387.45285714285717,
1995-07,1.3615608095238094,8.375,2.3,,319.69,977.0535034000002,385.7696428571429,
1995-08,1.3549823913043475,8.2,,,321.944,1010.3952211304348,383.5158620689655,
1995-09,1.3501130476190475,8.0,,,310.38,1050.21249685,382.79714285714283,
1995-10,1.3457127727272729,8.0,2.0,,302.75,1023.2863658181817,383.0561538461538,
1995-11,1.352873909090909,7.75,,,307.10200000000003,1046.5071469047618,384.85,
1995-12,1.3687726315789475,7.625,,,304.765,1048.9085051999998,387.29125000000005,
1996-01,1.3667322727272728,7.45,1.5,,299.924,1025.313168590909,398.58296296296294,
1996-02,1.375746666666667,7.0,,,302.33,1091.6919984,404.7696153846154,
1996-03,1.3653429047619046,6.9375,,,301.25,1093.1095203333334,396.58888888888896,
1996-04,1.35862595,6.6875,1.5,,300.03999999999996,1132.8938103809523,392.80227272727274,
1996-05,1.3693279000000005,6.5,,,300.136,1219.904984909091,391.9007407407408,
1996-06,1.3657444,6.5,,,285.5225,1209.36400145,385.0941666666667,
1996-07,1.369368956521739,6.4,1.4,,277.38399999999996,1111.2572742727273,383.19961538461536,
1996-08,1.3721758095238092,6.0,,,278.16499999999996,1132.184082,387.4038461538461,
1996-09,1.3694476190476192,5.75,,,275.32,1183.0530152,383.1,
1996-10,1.351316217391304,5.4,2.1,,269.18,1236.2752261304347,380.92346153846154,
1996-11,1.3383428095238092,4.8125,,,278.0525,1257.9899901999997,377.99884615384605,
1996-12,1.36176925,4.75,,,278.82750000000004,1293.614786809524,368.97920000000005,
1997-01,1.3498306363636363,4.75,2.2,28246.09632224168,283.56399999999996,1344.375449409091,355.8337037037038,
1997-02,1.3546307500000003,4.75,,28476.52014010508,287.21,1354.6847308947367,346.29375000000005,
1997-03,1.3708644736842108,4.75,,28457.339754816112,294.0175,1288.7239806500002,353.2912,
1997-04,1.3935723636363635,4.75,1.6,28656.38704028021,284.386,1224.8727194545454,344.97640000000007,
1997-05,1.3792938421052632,4.75,,28735.432574430823,290.115,1345.1323881428568,343.28035714285716,
1997-06,1.3842714285714286,4.75,,28758.567425569177,287.3425,1420.9447544761902,340.63919999999996,
1997-07,1.3766047391304348,4.75,1.8,29055.359019264448,283.57399999999996,1527.2354403181819,323.96592592592594,
1997-08,1.3891626000000001,4.75,,29185.346760070053,289.24,1597.0871465714285,324.186,
1997-09,1.3865445909090908,4.75,,29246.295971978983,280.83000000000004,1658.1523844285714,322.52521739130435,
1997-10,1.385983782608696,5.15,1.0,29345.001751313484,277.46199999999993,1687.0852157391305,324.6696153846154,
1997-11,1.4122648000000002,5.3125,,29353.49211908932,267.9825,1603.924207157895,305.52619047619055,
1997-12,1.4260319047619046,5.8,,29536.676007005255,257.63800000000003,1568.5650135454546,288.79440000000005,
1998-01,1.4394866190476188,6.0,1.0,29388.61295971979,252.54500000000002,1568.0299987499998,288.82280000000003,
1998-02,1.4342604499999996,6.5,,29701.93870402802,253.975,1711.0552657894737,297.79666666666674,
1998-03,1.4163172727272728,6.5,,29823.330998248686,251.02499999999998,1779.9345313636368,295.7632,
1998-04,1.4294006499999998,6.5,1.0,29813.22942206655,253.81599999999997,1854.0904715238098,308.1760869565217,
1998-05,1.4449946842105263,6.5,,29742.110332749562,246.6725,1841.8325012,299.3057692307692,
1998-06,1.4649237142857143,6.5,,29758.786339754817,238.005,1793.6272582272723,291.5480769230769,
1998-07,1.4850001739130434,6.5,0.8,29647.309982486866,237.02799999999996,1945.5959028636366,292.8796296296296,
1998-08,1.5322087619047617,6.5,,30076.889667250438,234.79249999999996,1801.9685755714288,284.2200000000001,
1998-09,1.521879,7.45,,30185.41506129597,235.504,1653.7342877142855,288.57599999999996,
1998-10,1.5433542272727274,7.125,1.1,30238.70928196147,232.7125,1614.3645407727274,296.41851851851845,
1998-11,1.5396233333333333,6.9375,,30288.619964973732,232.9825,1884.3130004,294.19230769230774,
1998-12,1.5419455,6.75,,30533.586690017513,227.942,2065.7268233181817,290.80074074074076,
1999-01,1.52017085,6.75,0.8,30672.371278458842,226.67999999999998,2351.156314368421,287.27916666666675,
1999-02,1.49769235,6.75,,30842.525394045533,227.72750000000002,2374.25,287.58160000000004,
1999-03,1.5170389565217395,6.75,,30856.253940455343,228.12599999999998,2393.8835024782607,286.00851851851843,
1999-04,1.4893965000000002,6.5,1.6,31038.786339754817,233.48250000000002,2549.5357142380954,282.048,
1999-05,1.4609388571428568,6.25,,31101.292469352014,240.7825,2523.53101805,277.2680769230769,
1999-06,1.4689624090909086,6.25,,31326.511383537654,232.404,2515.6677467727272,261.12159999999994,
1999-07,1.4875315,6.25,2.2,31400.07880910683,243.1225,2746.799095428571,256.30444444444447,
1999-08,1.4931325454545452,6.25,,31686.952714535902,248.21,2646.8209007272726,256.4165217391304,
1999-09,1.4777485909090908,6.25,,31956.432574430823,256.40999999999997,2814.591924666667,261.891111111111,
1999-10,1.4764594761904763,6.25,2.4,31969.14360770578,265.355,2810.8895437619044,309.6088888888888,
1999-11,1.4663833181818182,6.3125,,32217.600700525392,263.13,3231.199497809524,293.17,
1999-12,1.4743284545454545,6.5,,32389.15061295972,268.046,3730.9727338636367,283.63074074074075,
2000-01,1.4487449047619048,6.5,2.6,32465.047285464098,276.32,4038.1724853999995,284.62160000000006,
2000-02,1.4510705238095238,6.6875,,32516.334500875655,282.1925,4398.4284911999985,299.54759999999993,
2000-03,1.4602050869565213,6.8,,32809.92469352014,276.582,4830.862559478262,286.1837037037037,
2000-04,1.4669607777777776,7.0,2.5,32761.96147110333,265.6225,3895.6457903157884,279.4422727272728,
2000-05,1.495541090909091,7.3,,32996.25394045534,267.538,3552.064530909092,274.62,
2000-06,1.4769278636363639,7.5,,33136.80735551664,264.83500000000004,3854.6922717272723,284.6503846153846,
2000-07,1.4777876666666667,7.5,2.8,33139.12434325744,268.3525,4029.5839844499997,281.53153846153845,
2000-08,1.4828538695652171,7.5,,33414.987740805605,264.82000000000005,3895.6634786521736,273.99199999999996,
2000-09,1.4843610476190476,7.5,,33483.85639229422,273.56500000000005,3898.30598145,273.0796153846154,
2000-10,1.5113942272727272,7.5,3.0,33491.75481611209,262.865,3351.607688136364,269.5461904761904,
2000-11,1.5418679999999996,7.5,,33485.36252189142,254.81799999999998,3083.8304965714287,265.20181818181817,
2000-12,1.5245991578947369,7.5,,33498.532399299474,261.755,2671.2825074,271.266,
2001-01,1.502559090909091,7.4,2.8,33393.91068301226,262.182,2641.6871628571434,265.2966666666667,
2001-02,1.5219806999999999,7.25,,33414.60595446585,258.25,2474.819965578947,261.3108,
2001-03,1.5578315454545455,6.75,,33421.15411558669,250.79749999999999,1999.3631868636357,262.5739285714286,
2001-04,1.5586287368421055,6.625,3.6,33411.95796847636,247.60000000000002,1929.5815124000005,260.0738095238095,
2001-05,1.5412870909090906,6.45,,33549.865148861645,254.80200000000005,2178.740467409091,271.75559999999996,
2001-06,1.5255614285714287,6.25,,33500.66199649737,247.9125,2110.6643008095243,270.2369230769231,
2001-07,1.5281568636363632,6.125,2.7,33336.94395796848,240.2525,2039.1637951428572,267.13692307692304,
2001-08,1.538819304347826,5.95,,33562.427320490366,234.712,1937.8899880434778,272.12518518518516,
2001-09,1.5650705000000003,5.5,,33387.283712784585,231.2,1582.9333416,281.7176000000001,
2001-10,1.5702768260869566,4.95,1.1,33488.85814360771,226.01799999999997,1646.3760880000002,282.44222222222226,
2001-11,1.5932341818181819,4.375,,33662.03677758319,227.81,1861.6028587619048,275.1064,
2001-12,1.5773436111111112,4.0,,33490.71278458844,232.20999999999998,1976.3270081000005,275.17125,
2002-01,1.6002345909090911,3.85,1.6,33779.44153577661,237.26,1981.7881149999998,280.93839999999994,
2002-02,1.5953253,3.75,,34048.03664921466,240.045,1811.8284205263155,294.74583333333345,
2002-03,1.5874213999999998,3.75,,33994.588132635254,245.235,1855.9414977999998,293.5624,
2002-04,1.581398619047619,3.875,1.3,34281.84118673648,245.335,1766.0586382272727,302.2626923076923,
2002-05,1.549755090909091,4.0,,34316.092495637,244.93400000000003,1666.4209095454544,313.27259259259256,
2002-06,1.5311163999999997,4.25,,34353.924956369985,249.185,1506.0290037500004,321.3192,
2002-07,1.5441997826086962,4.4,2.3,34385.70331588133,246.408,1350.8318259545454,313.02222222222224,
2002-08,1.5682053636363635,4.5,,34578.96335078534,238.555,1326.9227239999998,309.2012000000001,
2002-09,1.5737073333333333,4.5,,34555.87260034904,240.3975,1256.13549205,318.1468,
2002-10,1.5778976956521737,4.5,3.8,34709.67190226876,240.22000000000003,1236.3356508695654,315.86499999999995,
2002-11,1.5713871428571429,4.5,,34681.41535776614,248.375,1402.87199095,318.5763999999999,
2002-12,1.5586571500000002,4.5,,34507.08551483421,250.68249999999998,1392.4195208095239,333.5207692307692,
2003-01,1.5408299545454545,4.5,4.5,34650.70331588133,256.67400000000004,1389.8081055238097,354.99199999999996,
2003-02,1.5129913,4.5,,34819.83420593368,263.8,1313.224211,357.858695652174,
2003-03,1.4753791904761904,4.75,,34741.089005235604,259.435,1344.264288,340.44666666666683,
2003-04,1.4613469499999998,4.9,2.8,34646.694589877836,249.67800000000003,1409.1190417142857,327.65956521739133,
2003-05,1.3830583333333335,5.0,,34754.58987783595,260.345,1517.4081043809524,354.5018518518518,
2003-06,1.3545651428571428,5.0,,34851.949389179754,264.14,1633.7771519523812,356.25,
2003-07,1.3801534347826083,4.85,2.1,34943.35078534031,265.24,1715.8681751818183,350.115925925926,
2003-08,1.3978564285714286,4.75,,34711.56719022687,271.62,1722.6523786666664,359.6603703703703,
2003-09,1.3663521818181816,4.5625,,35246.70331588133,273.32,1856.3252476666664,378.0776000000001,
2003-10,1.324753565217391,4.5,1.7,35353.76963350785,281.232,1904.3899987391308,377.67592592592587,
2003-11,1.3128103999999998,4.5,,35370.293193717276,291.595,1939.950529526316,389.6172,
2003-12,1.3129541428571425,4.5,,35443.19197207679,306.174,1957.310913090909,407.14846153846156,
2004-01,1.2960861428571426,4.375,1.0,35427.951134380455,317.21750000000003,2097.61454465,412.8623076923077,
2004-02,1.3298938999999999,4.25,,35465.58289703316,324.15,2052.735769157895,402.92199999999997,
2004-03,1.3304815652173914,4.0,,35774.74345549738,324.09000000000003,1982.9356530434782,405.26407407407413,
2004-04,1.3408617,3.8125,2.1,35861.31588132635,324.33000000000004,2027.7942823809524,404.6437500000001,
2004-05,1.3777125238095234,3.75,,35909.19197207679,302.1775,1928.1244994499998,383.67481481481485,
2004-06,1.3586886363636361,3.75,,36140.71727748691,314.38,1999.1933361428576,391.36240000000004,
2004-07,1.3223883636363636,3.75,1.9,36026.94589877836,325.395,1919.722388857143,397.54037037037045,
2004-08,1.3146591363636364,3.75,,36309.31762652705,324.82000000000005,1821.2963812272728,399.7492307692309,
2004-09,1.2905654999999998,3.9,,36463.858638743455,327.92999999999995,1881.2014276666664,404.5435999999999,
2004-10,1.249289714285714,4.125,2.3,36412.59336823735,348.055,1935.5619070000002,419.8024,
2004-11,1.1962792727272726,4.25,,36495.37347294939,350.17,2059.2052350000004,438.4124,
2004-12,1.2181875652173912,4.25,,36450.92146596859,354.76800000000003,2146.2768,442.5352173913044,
2005-01,1.2241941904761906,4.25,2.1,36595.905759162306,357.82750000000004,2081.3314941,424.104347826087,
2005-02,1.2392857000000002,4.25,,36668.471204188485,363.33000000000004,2065.44789531579,422.5127272727273,
2005-03,1.216971619047619,4.25,,36507.68237347295,377.75399999999996,2034.5836459090913,434.3669565217391,
2005-04,1.2359726666666666,4.25,1.9,36806.66317626527,372.1525,1962.563337142857,427.68,
2005-05,1.2559501363636363,4.25,,36978.815008726,362.6425,1998.4704821428572,421.84653846153844,
2005-06,1.2421523636363638,4.25,,37088.240837696336,363.506,2075.5190984545447,429.5841666666667,
2005-07,1.2237718095238095,4.25,2.7,37097.04537521815,360.2625,2138.3275025499997,424.1736000000001,
2005-08,1.2055626521739131,4.25,,37388.184991274,371.34,2157.993471826087,436.8911538461537,
2005-09,1.179030772727273,4.4375,,37483.24258289703,371.125,2145.5837867142855,455.0608333333333,
2005-10,1.1776342857142859,4.625,2.2,37504.905759162306,374.815,2089.836675761905,469.2316666666666,
2005-11,1.183129181818182,4.75,,37704.930191972075,387.39399999999995,2198.7771577619046,475.03200000000004,
2005-12,1.162089857142857,5.0,,37822.87609075043,416.14750000000004,2249.277646047619,507.95880000000005,
2006-01,1.1588001363636364,5.0625,2.4,37841.134380453754,436.1075,2286.17399905,548.1404000000001,
2006-02,1.1495118,5.25,,37989.528795811515,456.28499999999997,2273.930008736842,554.274347826087,
2006-03,1.1579455652173913,5.45,,38060.51483420593,457.29800000000006,2298.326511478261,555.3573076923077,
2006-04,1.1452103888888887,5.5625,2.6,38041.21116928447,511.9975,2340.4447342105263,609.2190909090909,
2006-05,1.1098774999999999,5.8,,38059.877835951134,575.172,2252.6995294090907,673.8003703703704,
2006-06,1.113801772727273,6.0,,38006.169284467716,529.165,2140.1872892272727,595.7324000000001,
2006-07,1.1277549523809522,6.0,1.7,37950.91623036649,569.4324999999999,2089.09498295,631.9076923076923,
2006-08,1.1191621304347827,6.0,,38068.856893542754,589.268,2116.1626083478263,629.7396296296296,
2006-09,1.1159737619047623,6.0,,38011.25130890052,584.3825,2219.0675292499996,599.2576,
2006-10,1.1288256363636364,6.0,1.4,38005.502617801045,602.9849999999999,2323.9522593181814,584.9570833333333,
2006-11,1.1361017727272726,6.0,,38047.12739965096,613.294,2405.4509277142856,625.9192307692308,
2006-12,1.1513308421052633,6.0,,38242.029668411866,625.565,2434.0910033500004,628.3808333333333,
2007-01,1.1758942727272728,6.0,1.8,37090.425087108015,620.53,2451.1974977,628.2828,
2007-02,1.1709892499999999,6.0,,37338.828106852496,643.7049999999999,2482.686844526316,664.2295833333333,
2007-03,1.168464272727273,6.0,,37392.56213704994,667.23,2401.696810590909,654.2734615384616,
2007-04,1.1346045789473684,6.0,2.2,37430.124274099886,704.5325,2496.3875,678.6968181818182,
2007-05,1.0950324090909094,6.0,,37585.588850174216,712.0319999999999,2559.3581654545455,667.4284615384615,
2007-06,1.0652020476190474,6.0,,37719.02903600465,661.485,2595.659993571428,654.3766666666666,
2007-07,1.0511876363636363,6.1875,2.2,37569.49128919861,630.5575,2658.8233351428576,664.3623076923079,
2007-08,1.058613347826087,6.25,,37738.8199767712,580.992,2539.437393826087,664.4985185185185,
2007-09,1.0273672999999999,6.25,,37749.5574912892,580.955,2630.801038105263,709.0407999999999,
2007-10,0.9763945652173913,6.25,2.4,37723.07781649245,606.0640000000001,2778.275220782609,753.951923076923,
2007-11,0.9644320000000001,6.25,,37742.27177700349,602.7675,2672.5090679523814,805.6242307692307,
2007-12,1.003404894736842,6.0,,37517.40766550523,562.095,2666.2535400000006,802.0504166666668,
2008-01,1.0098040454545452,5.9,1.8,37593.78513356562,589.534,2420.7643229047617,883.2167999999998,
2008-02,0.9995269523809523,5.75,,37600.59698025552,627.4875000000001,2330.3645142000005,920.2935999999999,
2008-03,0.9993817368421053,5.25,,37586.59581881533,667.895,2254.8009886500004,964.3986956521738,
2008-04,1.0136044545454548,5.05,2.3,37724.48199767712,707.674,2366.030439909091,910.3616000000001,
2008-05,0.9983613809523811,4.75,,37733.81881533101,734.54,2480.2209472857144,887.8603703703704,
2008-06,1.0160878095238095,4.75,,37878.84785133565,715.0575,2434.9652389999997,887.7728,
2008-07,1.0130174347826084,4.75,3.4,37969.94425087108,720.952,2276.414539545454,939.4948148148148,
2008-08,1.0528724285714286,4.75,,37961.53890824623,671.8025,2384.9147832857143,834.8631999999999,
2008-09,1.0580479999999999,4.75,,38017.65505226481,643.6225,2220.683326380952,821.0272,
2008-10,1.176903,4.35,2.0,37943.28455284553,560.048,1741.135222086957,807.6392592592592,
2008-11,1.2182486,4.0,,37535.514518002325,498.35,1549.9247341578948,753.3943999999999,
2008-12,1.235212142857143,3.6,,36956.44483159117,456.254,1521.1741055909088,816.1149999999999,
2009-01,1.2266394761904762,3.25,1.2,36648.648083623695,469.2175,1539.3229919,856.3739999999999,
2009-02,1.2468435999999998,3.0,,36516.43321718932,474.9975,1486.469469631579,934.4552380952382,
2009-03,1.2627541818181816,2.5,,36212.13704994193,488.6875,1428.3831898181813,922.0614285714286,
2009-04,1.2272565500000003,2.4,0.1,36062.4587688734,504.004,1630.0923840952382,887.7847368421053,
2009-05,1.1514024,2.25,,36011.04297328687,522.7,1725.0454955999999,924.3554545454547,
2009-06,1.1245806818181818,2.25,,36056.71196283391,547.95,1825.065446363636,942.7519047619048,
2009-07,1.123503347826087,2.25,-0.9,36033.770034843204,551.324,1866.3436223181818,929.9434782608696,
2009-08,1.0879557142857144,2.25,,36089.586527293846,586.0675,1995.9414295238098,945.7671428571431,
2009-09,1.0818217727272728,2.25,,36449.829268292684,565.9999999999999,2080.765247238095,991.8709523809524,
2009-10,1.0542656818181817,2.25,0.8,36459.36236933798,579.72,2128.381808227273,1039.7208695652175,
2009-11,1.0597757142857145,2.25,,36685.59349593496,596.14,2137.0775146,1121.422380952381,
2009-12,1.0536575000000001,2.25,,36715.17537746806,620.454,2219.700006681818,1130.1790476190472,
2010-01,1.0427008999999998,2.25,1.6,36911.4425087108,620.4125,2274.9184313684204,1116.997894736842,
2010-02,1.05610475,2.25,,37147.89430894309,594.09,2189.179995947368,1093.0914285714287,
2010-03,1.0236339130434782,2.25,,37344.155632984905,613.966,2356.8713058695653,1110.825,
2010-04,1.0045711499999999,2.25,1.4,37299.262485481995,639.8499999999999,2473.290969142857,1144.2,
2010-05,1.039673761904762,2.25,,37533.68524970964,614.9225,2324.9190063500005,1199.4333333333332,
2010-06,1.0381863636363635,2.5,,37668.631823461095,591.0899999999999,2243.438187954546,1229.6714285714284,
2010-07,1.0433401818181818,2.625,1.8,37609.652729384434,590.18,2206.4795502857137,1192.3863636363637,
2010-08,1.0402966363636366,2.75,,37767.772357723574,615.0925000000001,2204.3522839545453,1210.7381818181816,
2010-09,1.0344010000000001,2.9,,37831.54819976771,629.536,2292.121430952381,1265.0990476190477,
2010-10,1.018332238095238,3.0,2.3,37985.74099883856,664.42,2437.5228562380953,1338.8914285714288,
2010-11,1.0125629999999999,3.0,,38121.455284552845,671.0775,2529.120942666667,1366.552727272727,
2010-12,1.0080836521739132,3.0,,38383.620209059234,680.454,2629.9750089090903,1389.5257142857145,
2011-01,0.9938140000000001,3.0,2.6,38426.33449477352,696.1624999999999,2716.4974853500003,1360.6363157894734,
2011-02,0.9879476,3.0,,38441.15098722416,729.0999999999999,2777.0547388947366,1367.5314999999998,
2011-03,0.9765983478260871,3.0,,38570.24041811847,726.766,2722.855649130435,1417.4300000000003,
2011-04,0.9579864736842104,3.0,3.4,38603.70150987224,741.6099999999999,2796.0070190000006,1470.683888888889,
2011-05,0.9677812272727273,3.0,,38482.156794425086,726.095,2815.4137834761905,1510.3281818181815,
2011-06,0.9774402727272729,3.0,,38681.19396051103,723.56,2688.829112727273,1524.7485714285713,
2011-07,0.9561420952380953,3.0,3.0,38872.05458768873,775.6524999999999,2809.6885253,1564.9271428571426,
2011-08,0.9810164782608695,3.0,,39143.83042973287,779.668,2509.0782523478265,1755.1104347826083,
2011-09,1.0020491363636364,3.0,,39314.57142857143,761.995,2526.5728934285717,1775.9127272727274,
2011-10,1.0203630000000001,3.0,2.6,39257.59930313589,711.9799999999999,2585.848109619048,1660.042,
2011-11,1.0252516363636364,3.0,,39287.649245063876,720.312,2609.4104818571427,1734.2936363636363,
2011-12,1.022959523809524,3.0,,39442.35423925668,717.01,2607.424293190476,1646.6709999999998,
2012-01,1.0130698181818183,3.0,2.4,39350.368176538905,741.0849999999999,2737.26898185,1647.4184999999998,
2012-02,0.9976749523809525,3.0,,39246.72822299651,776.76,2923.0499879000004,1740.4880952380945,
2012-03,0.9939435454545457,3.0,,39335.501742160275,761.2,3031.825472727273,1672.1818181818182,
2012-04,0.9928724210526314,3.0,1.6,39481.99651567944,740.375,3036.8235106,1647.3805555555557,
2012-05,1.0101908636363635,3.0,,39559.07549361208,721.682,2905.0254572272725,1586.1147826086954,
2012-06,1.0278310000000002,3.0,,39597.441347270615,699.885,2849.2409318571426,1592.9185714285716,
2012-07,1.0140511818181819,3.0,1.2,39553.0905923345,634.365,2919.455729190476,1588.6477272727273,
2012-08,0.9931636956521738,3.0,,39561.170731707316,684.026,3029.418690521739,1623.5573913043474,
2012-09,0.9788093,3.0,,39631.664343786295,729.375,3134.7705591578947,1737.5895,
2012-10,0.9866151739130433,3.0,1.0,39560.61672473868,730.1600000000001,3070.490001952381,1741.3790909090908,
2012-11,0.9968633181818182,3.0,,39753.25783972126,714.0799999999999,2941.2238189047625,1719.5986363636366,
2012-12,0.9896448947368421,3.0,,39688.79674796748,728.58,3001.47849115,1683.5526315789473,
2013-01,0.9924937727272725,3.0,0.9,39846.20789779326,672.5199999999999,3122.7252022857147,1668.8347619047618,
2013-02,1.00896135,3.0,,40077.5818815331,665.41,3170.842619210526,1627.5910000000003,
2013-03,1.0247883,3.0,,40214.34610917538,643.7975,3230.8900025000003,1589.8995,
2013-04,1.018539714285714,3.0,0.7,40257.037166085946,627.6775,3248.4441029090904,1483.7979999999995,
2013-05,1.0212756818181816,3.0,,40348.901277584206,612.818,3434.4995227727272,1415.45,
2013-06,1.03095065,3.0,,40251.739837398374,598.73,3420.7365114,1335.8695000000002,
2013-07,1.041287782608696,3.0,1.1,40354.01974448316,579.452,3555.775468227273,1282.0978260869567,
2013-08,1.0408575,3.0,,40658.01161440186,594.445,3639.2700085,1346.954347826087,
2013-09,1.0352155714285716,3.0,,40904.15911730546,591.0474999999999,3727.9690186,1348.4952380952382,
2013-10,1.0361206521739128,3.0,0.9,41072.04181184669,591.222,3843.6230574782608,1311.0513043478263,
2013-11,1.0482976666666666,3.0,,41122.86527293844,581.3875,3954.12550055,1272.8468181818182,
2013-12,1.0639667000000002,3.0,,40877.71777003484,573.3225,4075.538074285714,1221.196,
2014-01,1.0936263181818182,3.0,1.4,40897.03135888502,581.348,4156.781877714286,1238.7552380952382,
2014-02,1.10508995,3.0,,41219.49361207898,565.885,4192.36898636842,1293.863,
2014-03,1.1106778095238095,3.0,,41279.455284552845,565.215,4289.5119512857145,1333.0904999999998,
2014-04,1.0991048500000002,3.0,2.2,41411.75958188153,579.6099999999999,4131.049049,1295.176842105263,
2014-05,1.0887165714285716,3.0,,41614.39024390244,589.0550000000001,4130.021891190477,1285.9736363636364,
2014-06,1.0835282380952382,3.0,,41821.200929152146,588.2700000000001,4323.995233476191,1275.398,
2014-07,1.0727482608695649,3.0,2.0,41747.9593495935,597.7859999999998,4437.136829636364,1308.4026086956524,
2014-08,1.0924845714285716,3.0,,41719.77700348432,594.4475,4459.620931095237,1290.8327272727274,
2014-09,1.1004650454545455,3.0,,42054.261324041814,583.4250000000001,4553.286667619048,1238.2542857142855,
2014-10,1.1216303043478262,3.0,2.0,42154.12195121951,562.9979999999999,4400.012206956522,1219.8304347826086,
2014-11,1.13343115,3.0,,42132.898954703836,560.3475000000001,4681.584729736842,1170.5342857142857,
2014-12,1.1528440476190476,3.0,,42163.649245063876,552.566,4735.225896681818,1194.9533333333334,
2015-01,1.2085780476190475,2.9625,1.0,41960.13008130081,545.015,4684.040991150001,1244.598095238095,
2015-02,1.2510202500000003,2.85,,41982.24738675958,540.3774999999999,4838.567331421053,1226.4861904761904,
2015-03,1.2606573181818181,2.85,,41938.903600464575,530.7375,4938.523703772727,1175.0080952380954,
2015-04,1.2352515000000004,2.85,1.0,41890.67131242741,537.35,4983.900413761904,1195.5257894736842,
2015-05,1.2170682499999999,2.85,,41831.765389082466,547.905,5027.36198725,1193.2649999999999,
2015-06,1.2355492272727275,2.85,,42019.80255516841,530.0350000000001,5077.715931272727,1178.388095238095,
2015-07,1.2845778695652175,2.79,1.2,42090.41463414634,508.948,5085.609974227273,1127.3891304347824,
2015-08,1.314006523809524,2.7,,42307.74332171893,485.93000000000006,4940.153785428572,1113.267142857143,
2015-09,1.3262359545454545,2.7,,42165.35540069686,487.764,4754.878580714286,1120.3242857142857,
2015-10,1.3071615454545453,2.7,1.3,42124.98722415796,492.9,4864.034512681818,1152.2504545454549,
2015-11,1.3272614761904762,2.7,,42215.380952380954,472.10999999999996,5077.85903325,1085.3052380952379,
2015-12,1.3700888181818185,2.7,,42236.55168408827,460.52,5047.629083863636,1064.7233333333334,
2016-01,1.42239985,2.7,1.6,42432.022067363534,456.7375,4624.008943315789,,1090.8615789473683
2016-02,1.3807499047619045,2.7,,42362.55516840883,475.025,4462.5584961,,1190.0857142857144
2016-03,1.324320714285714,2.7,,42195.06968641115,490.196,4739.349054636364,,1240.9284999999998
2016-04,1.2839679999999998,2.7,1.5,42282.306620209056,494.885,4891.967633857143,,1236.149
2016-05,1.293196409090909,2.7,,41923.32288037166,502.585,4780.335635190477,,1255.7009090909094
2016-06,1.2893701818181817,2.7,,42235.41579558653,503.48,4853.030007136363,,1271.0733333333333
2016-07,1.3035813809523809,2.7,1.3,42466.35772357724,525.6424999999999,5015.59956045,,1334.1614285714284
2016-08,1.298470913043478,2.7,,42675.59349593496,510.18199999999996,5215.641283086958,,1336.092608695652
2016-09,1.3090566363636364,2.7,,42915.60743321719,501.3825,5248.722377190476,,1321.8909523809523
2016-10,1.3236258571428572,2.7,1.4,42816.619047619046,496.235,5266.222353904762,,1264.3119047619048
2016-11,1.3444885909090905,2.7,,43007.21718931475,506.16400000000004,5256.837169714286,,1236.9227272727273
2016-12,1.3346702380952382,2.7,,43060.529616724736,495.57,5415.37944104762,,1151.3215000000005
2017-01,1.3220535909090911,2.7,1.9,43254.84785133565,498.96750000000003,5554.2605224,,1189.9555000000003
2017-02,1.3100417,2.7,,43391.498257839725,531.1850000000001,5753.894711105262,,1229.7995000000003
2017-03,1.3389454782608694,2.7,,43548.30894308943,520.612,5861.014754565216,,1228.5317391304345
2017-04,1.3435751666666667,2.7,1.3,43740.86178861788,524.595,5913.897383894736,,1267.1920000000002
2017-05,1.3603498636363638,2.7,,43968.93612078978,520.938,6120.867720272727,,1243.7817391304347
2017-06,1.3306031363636366,2.7,,44096.0,521.2075,6229.750909954545,,1259.1945454545455
2017-07,1.272122380952381,2.825,1.4,44051.89547038328,522.27,6291.7249756500005,,1233.2599999999998
2017-08,1.2610924347826085,2.95,,44092.50290360046,546.9440000000001,6310.580863652172,,1279.465652173913
2017-09,1.2286915238095244,3.1375,,44262.274099883856,562.0925,6427.712499950001,,1314.2857142857142
2017-10,1.2591053181818184,3.2,1.8,44216.80603948897,558.785,6599.9527254545455,,1278.3136363636365
2017-11,1.276007272727273,3.2,,44436.44599303136,561.078,6790.117141047619,,1279.655909090909
2017-12,1.2765011578947367,3.2,,44552.4181184669,550.13,6895.8959961,,1262.8314999999998
2018-01,1.2432907272727274,3.3,2.1,44460.52264808362,575.3120000000001,7266.519554380952,,1327.9595454545454
2018-02,1.2574698500000001,3.45,,44757.32520325203,576.915,7167.508403631579,,1331.0155
2018-03,1.292402476190476,3.45,,44898.11382113821,567.0375,7325.144810238095,,1323.7086363636365
2018-04,1.2726235999999997,3.45,2.3,44886.440185830426,582.07,7101.215308761904,,1332.6585714285716
2018-05,1.2866197727272726,3.45,,45149.351916376305,584.758,7319.59816668182,,1301.403043478261
2018-06,1.312512238095238,3.45,,45271.03135888502,586.6899999999999,7644.26762447619,,1279.7471428571428
2018-07,1.314115590909091,3.6375,2.7,45345.52264808362,560.5325,7751.303362238094,,1236.0590909090909
2018-08,1.3042923478260868,3.7,,45532.41695702671,546.154,7876.031759608698,,1198.7891304347825
2018-09,1.3046997,3.7,,45613.898954703836,539.5674999999999,7986.83472963158,,1196.0405263157895
2018-10,1.3005478260869565,3.75,2.1,45698.486643437864,543.662,7565.364788565218,,1211.646956521739
2018-11,1.3195089545454544,3.95,,45583.260162601626,535.22,7227.928548238095,,1218.1245454545456
2018-12,1.341990894736842,3.95,,45496.43321718932,536.76,6858.9226202105265,,1248.207142857143
2019-01,1.3311048181818181,3.95,1.6,45429.81533101045,539.5020000000001,6948.260463190477,,1288.7273913043477
2019-02,1.32099855,3.95,,45370.24274099884,554.0224999999999,7415.218390263158,,1316.8940000000002
2019-03,1.3363739523809524,3.95,,45727.23344947735,564.4275,7629.43287295238,,1299.597142857143
2019-04,1.3378617499999998,3.95,2.2,45997.53890824623,566.98,7986.208589047619,,1283.6481818181817
2019-05,1.346318772727273,3.95,,46137.71544715447,555.85,7797.425914454547,,1280.5895652173913
2019-06,1.3292777000000002,3.95,,46259.679442508714,561.3,7827.176513650001,,1355.933
2019-07,1.3097479565217391,3.95,1.9,46089.06039488966,579.5519999999999,8203.717218545453,,1412.1243478260872
2019-08,1.3273032727272727,3.95,,46178.5412311266,594.75,7922.241366272726,,1496.4250000000002
2019-09,1.324784619047619,3.95,,46270.18350754936,604.83,8093.0960204,,1507.7152380952382
2019-10,1.3193347826086954,3.95,2.1,46284.379790940766,598.248,8077.648692304347,,1491.009130434783
2019-11,1.3238969047619047,3.95,,46258.96399535424,594.3225,8506.511035300002,,1469.702380952381
2019-12,1.3173511499999997,3.95,,46282.72706155633,589.0300000000001,8772.967587523812,,1478.2886363636362
2020-01,1.3083899090909092,3.95,1.8,46260.49361207898,596.8700000000001,9225.229538809526,,1554.6445454545456
2020-02,1.3283174500000006,3.95,,46465.307781649244,587.35,9419.153114631577,,1594.5625
2020-03,1.3940388636363634,3.325,,43341.52613240418,574.36,7748.3953523636355,,1589.7304545454544
2020-04,1.4074347,2.45,0.0,38495.18118466899,567.884,8282.73770004762,,1675.720454545455
2020-05,1.3960658000000001,2.45,,40159.082462253195,569.8375,9092.6210937,,1713.6833333333332
2020-06,1.3554047727272729,2.45,,42577.70731707317,580.55,9828.108798,,1730.815909090909
2020-07,1.3506011304347825,2.45,0.2,43500.1800232288,607.26,10491.728116090911,,1836.408260869565
2020-08,1.3234563333333333,2.45,,43904.52148664344,641.655,11188.406808000002,,1966.6176190476192
2020-09,1.321740909090909,2.45,,44363.54587688734,642.286,11119.767624666667,,1922.1013636363632
2020-10,1.3213382727272727,2.45,0.7,44628.0081300813,644.0925,11455.091752545455,,1897.330909090909
2020-11,1.307030142857143,2.45,,45052.95818815331,652.8825,11786.198535150002,,1866.6552380952382
2020-12,1.281517090909091,2.45,,45143.29965156795,669.8059999999999,12605.309526045456,,1852.8952173913044
2021-01,1.2730168,2.45,,45461.591173054585,676.49,13195.814196263158,,1865.7223809523805
2021-02,1.2691591,2.45,,45606.79326364692,678.01,13733.605725736845,,1810.3380000000004
2021-03,1.258068347826087,2.45,,,672.1539999999999,13190.961786695652,,1718.6073913043479
2021-04,1.25019445,2.45,,,683.0225,13889.212937190474,,1753.7261904761904
2021-05,1.2240803333333332,2.45,,,712.07,13524.384961,,
