Date,Exchange Rate,Prime_Rate,INDINF_CPI_Q,GDP,W.MTLS,Open,Gold_Price_in_USD,Ontario_population,Ontario_Immigrants_International,Ontario_Emigrants_International,Ontario_In_migrant_Interprovincial,Ontario_Out_migrant_Interprovincial,Crime_severity_index_toronto,Toronto_median_age,UT_Graduate_Enrolment,UT_Undergraduate_Enrolment,UT_Total_Enrolment,Ryerson_Total_Enrolment,York_Total_Enrolment,Unemployment_rate_toronto,Participation_rate_toronto,Employment_rate_toronto,Toronto_population,Sales_Total,Avg_Price_Month,New Units Number (Plan for construction),New Units Number (construction complete),Prime_Rate_2,Bank_of_Canada_Overnight_Rate
2001-01-01,1.502559090909091,7.4,2.8,33393.91068301226,262.182,2641.6871628571434,265.2966666666667,11771945.0,34801.0,3144.0,15176.0,11129.0,80.04,36.8,8549.0,36712.0,45261.0,25846.0,39000.0,5.3,68.6,65.0,4882618.0,528.0,185757.6686,1457.0,511.0,7.25,7.11
2001-02-01,1.5219806999999999,7.25,3.2743019526019905,33414.60595446585,258.25,2474.819965578947,261.3108,11789226.50086427,37662.09142179419,2596.9312248288147,17272.331955028545,11735.038333474462,79.88335351885404,36.8201470463883,8549.0,36712.0,45261.0,25846.0,39000.0,6.4,68.6,64.2,4894687.053579913,732.0,189990.7036,946.0,227.0,7.25,7.11
2001-03-01,1.5578315454545455,6.75,3.5231908414908792,33421.15411558669,250.79749999999999,1999.3631868636357,262.5739285714286,11806462.056419823,39796.62475512753,2862.309002606592,19017.665288361877,12893.305000141128,79.74653314230423,36.839195173873755,8549.0,36712.0,45261.0,25846.0,39000.0,6.3,69.0,64.7,4905287.460031617,925.0,191476.2205,1015.0,387.0,6.75,5.25
2001-04-01,1.5586287368421055,6.625,3.6,33411.95796847636,247.60000000000002,1929.5815124000005,260.0738095238095,11827345.0,41662.0,3997.0,20786.0,14852.0,79.6002202182328,36.8612261240604,8549.0,36712.0,45261.0,25846.0,39000.0,6.2,69.2,65.0,4916690.735023336,836.0,189802.6914,1503.0,1151.0,6.5,4.86
2001-05-01,1.5412870909090906,6.45,3.4754763827043007,33549.865148861645,254.80200000000005,2178.740467409091,271.75559999999996,11849356.006135572,42969.07155907102,5936.427696710189,22333.20336899794,17424.209403768145,79.46379666936278,36.883488865342976,8549.0,36712.0,45261.0,25846.0,39000.0,6.1,69.6,65.4,4927393.091134402,958.0,191658.3372,1810.0,175.0,6.25,5.44
2001-06-01,1.5255614285714287,6.25,3.1507085402910104,33500.66199649737,247.9125,2110.6643008095243,270.2369230769231,11873725.399963137,43577.08226255535,8484.95133925454,23481.416059521875,20341.47062981456,79.32816759243622,36.907467580473664,8549.0,36712.0,45261.0,25846.0,39000.0,6.3,69.7,65.3,4938108.018772225,1024.0,193900.3486,1928.0,411.0,6.25,5.44
2001-07-01,1.5281568636363632,6.125,2.7,33336.94395796848,240.2525,2039.1637951428572,267.13692307692304,11897534.0,42152.0,9632.0,22560.0,20916.0,79.2020832504806,36.93161525557307,8549.0,36712.0,45261.0,25846.0,39000.0,6.0,70.2,65.9,4948144.232282747,832.0,193513.4207,617.0,831.0,6.0,4.5
2001-08-01,1.538819304347826,5.95,2.102693650985479,33562.427320490366,234.712,1937.8899880434778,272.12518518518516,11922131.970976178,38370.92401351131,9129.107656399638,19226.521226030498,18746.15626378795,79.07713802069888,36.95754173564781,8549.0,36712.0,45261.0,25846.0,39000.0,6.0,69.8,65.7,4958170.812566671,903.0,204706.8538,1779.0,657.0,5.75,4.66
2001-09-01,1.5650705000000003,5.5,1.4397852272494536,33387.283712784585,231.2,1582.9333416,281.7176000000001,11945669.100602359,32964.48239895179,7198.488379673295,14147.393378855224,14375.661714410478,78.95762228700718,36.984458063481,8549.0,36712.0,45261.0,25846.0,39000.0,6.2,69.4,65.1,4967847.5769822225,733.0,191080.1446,1397.0,1364.0,5.25,3.5
2001-10-01,1.5702768260869566,4.95,1.1,33488.85814360771,226.01799999999997,1646.3760880000002,282.44222222222226,11961789.0,30039.0,5511.0,11177.0,11302.0,78.84713150302079,37.01144858958282,8549.0,36712.0,45261.0,25846.0,39000.0,6.6,69.4,64.8,4976879.116406676,796.0,192292.6357,1111.0,327.0,4.5,1.5
2001-11-01,1.5932341818181819,4.375,1.120564686129401,33662.03677758319,227.81,1861.6028587619048,275.1064,11970637.744785015,30033.109228415742,4207.3773136305,10710.346554084706,9854.790858338509,78.73829961647397,37.04031268236007,8549.0,36712.0,45261.0,25846.0,39000.0,7.0,70.0,65.0,4985867.533468332,839.0,196114.1061,1467.0,1273.0,4.0,2.25
2001-12-01,1.5773436111111112,4.0,1.4295402380078825,33490.71278458844,232.20999999999998,1976.3270081000005,275.17125,11973290.986309398,32645.256851918923,3346.914088221377,12487.422379945448,10076.36192344419,78.63814803940197,37.069188142278705,8549.0,36712.0,45261.0,25846.0,39000.0,7.2,70.2,65.2,4994232.930292241,655.0,193162.7985,1230.0,80.0,4.0,2.25
2002-01-01,1.6002345909090911,3.85,1.6,33779.44153577661,237.26,1981.7881149999998,280.93839999999994,11980361.0,36136.0,2715.0,14788.0,11658.0,78.54,37.1,9107.0,38339.0,47446.0,25846.0,39000.0,7.5,70.5,65.2,5002533.0,732.0,196438.8825,2152.0,1474.0,3.75,2.0
2002-02-01,1.5953253,3.75,1.545042995943221,34048.03664921466,240.045,1811.8284205263155,294.74583333333345,11993559.615606755,40114.13044586188,2318.4758153145335,17255.752001446162,14560.88781113375,78.44728145668805,37.13180170547974,9107.0,38339.0,47446.0,25846.0,39000.0,7.0,69.7,64.9,5010483.253839385,957.0,208220.7482,787.0,1246.0,3.75,2.0
2002-03-01,1.5874213999999998,3.75,1.3483379099616153,33994.588132635254,245.235,1855.9414977999998,293.5624,12010244.978104932,43687.16622561303,2251.4889584545635,19545.49767938822,18039.445685082715,78.36820244334318,37.16137662182199,9107.0,38339.0,47446.0,25846.0,39000.0,7.2,69.9,64.9,5017363.454073837,1099.0,206571.384,1293.0,1589.0,3.75,2.0
2002-04-01,1.581398619047619,3.875,1.3,34281.84118673648,245.335,1766.0586382272727,302.2626923076923,12030408.0,44496.0,3132.0,21558.0,20853.0,78.28581745710578,37.19506223110007,9107.0,38339.0,47446.0,25846.0,39000.0,7.4,69.6,64.4,5024647.929325027,1183.0,219488.6002,1020.0,904.0,4.0,2.25
2002-05-01,1.549755090909091,4.0,1.4744708760926033,34316.092495637,244.93400000000003,1666.4209095454544,313.27259259259256,12051053.57056871,41643.65526300539,5037.718359958575,22890.91202594065,22228.40642864886,78.21125965452676,37.22860367472921,9107.0,38339.0,47446.0,25846.0,39000.0,7.0,69.1,64.3,5031364.350203325,1115.0,218748.3372,1243.0,916.0,4.0,2.25
2002-06-01,1.5311163999999997,4.25,1.8601313463521558,34353.924956369985,249.185,1506.0290037500004,321.3192,12073291.663160209,35590.84033480832,7734.822898895234,23448.035637844274,22253.530396940772,78.1395585154342,37.26423704895134,9107.0,38339.0,47446.0,25846.0,39000.0,7.7,68.8,63.5,5037960.478100618,940.0,214305.2351,294.0,863.0,4.25,2.5
2002-07-01,1.5441997826086962,4.4,2.3,34385.70331588133,246.408,1350.8318259545454,313.02222222222224,12094174.0,30426.0,8999.0,22142.0,20905.0,78.07533991976956,37.29966342639729,9107.0,38339.0,47446.0,25846.0,39000.0,7.3,69.0,64.0,5044010.756378371,617.0,215936.6904,1444.0,1490.0,4.5,1.5
2002-08-01,1.5682053636363635,4.5,2.8001508303192155,34578.96335078534,238.555,1326.9227239999998,309.2012000000001,12114826.338855306,26455.676205571945,8553.659106580895,18700.677148789604,18089.084875365377,77.99413296073332,37.33627194419688,9107.0,38339.0,47446.0,25846.0,39000.0,8.0,69.9,64.3,5050114.804058572,765.0,208338.9516,1101.0,1272.0,4.5,1.5
2002-09-01,1.5737073333333333,4.5,3.332186947996412,34555.87260034904,240.3975,1256.13549205,318.1468,12133731.255225006,23854.224540845582,6671.188960447839,13725.611864340366,14229.604289287854,77.87381759098645,37.37172473104934,9107.0,38339.0,47446.0,25846.0,39000.0,7.7,70.2,64.8,5056301.996325304,780.0,215612.8782,691.0,1024.0,4.5,1.5
2002-10-01,1.5778976956521737,4.5,3.8,34709.67190226876,240.22000000000003,1236.3356508695654,315.86499999999995,12146053.0,22532.0,5316.0,10617.0,11651.0,77.72009724514835,37.40493107550956,9107.0,38339.0,47446.0,25846.0,39000.0,7.9,70.3,64.8,5062369.249617506,950.0,218940.0189,1000.0,1033.0,4.5,1.5
2002-11-01,1.5713871428571429,4.5,4.222048791596464,34681.41535776614,248.375,1402.87199095,318.5763999999999,12151904.47934444,22383.091311956938,4699.425302105063,9688.178067492849,10534.849580910275,77.52272390016316,37.4381047338749,9107.0,38339.0,47446.0,25846.0,39000.0,7.0,70.0,65.1,5068721.047487991,845.0,218089.4225,2214.0,1704.0,4.5,1.5
2002-12-01,1.5586571500000002,4.5,4.531714790012875,34507.08551483421,250.68249999999998,1392.4195208095239,333.5207692307692,12152370.500110757,23341.29273740447,4748.505307496646,10780.761708716684,10864.393323744325,77.29443132022347,37.46910547012178,9107.0,38339.0,47446.0,25846.0,39000.0,7.3,70.2,65.0,5074947.596525761,623.0,214842.7287,551.0,2448.0,4.5,1.5
2003-01-01,1.5408299545454545,4.5,4.5,34650.70331588133,256.67400000000004,1389.8081055238097,354.99199999999996,12156750.0,24990.0,4752.0,12584.0,12099.0,77.02,37.5,9824.0,41184.0,51008.0,25846.0,42000.0,7.4,70.6,65.3,5081464.0,638.0,223692.1834,665.0,870.0,4.5,1.5
2003-02-01,1.5129913,4.5,4.069446779270245,34819.83420593368,263.8,1313.224211,357.858695652174,12166627.182998654,27228.44510983197,4589.092956025024,14843.243104098292,14149.109699664457,76.7064080694095,37.529736284253616,9824.0,41184.0,51008.0,25846.0,42000.0,7.3,70.8,65.6,5088064.0555023765,851.0,221466.6122,3621.0,1077.0,4.5,1.5
2003-03-01,1.4753791904761904,4.75,3.400845691712288,34741.089005235604,259.435,1344.264288,340.44666666666683,12179778.958786847,29635.976735030126,4397.0396596082655,17129.650408573187,16570.133232105683,76.38950436502274,37.55559932675749,9824.0,41184.0,51008.0,25846.0,42000.0,7.3,70.5,65.3,5094097.2966587795,999.0,219933.4695,1552.0,859.0,4.75,3.0
2003-04-01,1.4613469499999998,4.9,2.8,34646.694589877836,249.67800000000003,1409.1190417142857,327.65956521739133,12195501.0,31866.0,4833.0,18893.0,18944.0,76.00138095018539,37.58313120804815,9824.0,41184.0,51008.0,25846.0,42000.0,7.9,70.6,65.0,5100856.560859868,1047.0,220042.4852,1207.0,1805.0,5.0,2.5
2003-05-01,1.3830583333333335,5.0,2.4278981586828436,34754.58987783595,260.345,1517.4081043809524,354.5018518518518,12211329.405883942,33454.151600677484,6012.528533769566,19669.12538647808,20788.75700305682,75.58849152845329,37.60867216002922,9824.0,41184.0,51008.0,25846.0,42000.0,7.9,69.9,64.4,5107477.43215306,1039.0,228105.3301,948.0,1430.0,5.0,2.5
2003-06-01,1.3545651428571428,5.0,2.235786131068582,34851.949389179754,264.14,1633.7771519523812,356.25,12228280.42689234,34423.26506949878,7759.295290986919,19460.307138902695,22013.385003272993,75.12331013837765,37.63392491283277,9824.0,41184.0,51008.0,25846.0,42000.0,8.0,70.0,64.5,5114401.3019579025,1045.0,216460.5493,1207.0,1066.0,5.0,2.5
2003-07-01,1.3801534347826083,4.85,2.1,34943.35078534031,265.24,1715.8681751818183,350.115925925926,12245039.0,34239.0,8512.0,17999.0,21323.0,74.63584848254395,37.657260256600495,9824.0,41184.0,51008.0,25846.0,42000.0,8.0,69.9,64.3,5121181.468996662,1152.0,220006.5382,1112.0,677.0,4.75,3.0
2003-08-01,1.3978564285714286,4.75,1.9875401094680996,34711.56719022687,271.62,1722.6523786666664,359.6603703703703,12262683.386808839,32806.02881327227,8065.857769228331,15138.322372306546,18457.573288146043,74.13218033424815,37.68084386319794,9824.0,41184.0,51008.0,25846.0,42000.0,8.0,69.7,64.1,5128206.731901562,1005.0,223219.6517,1712.0,832.0,4.75,3.0
2003-09-01,1.3663521818181816,4.5625,1.885374055484769,35246.70331588133,273.32,1856.3252476666664,378.0776000000001,12279849.13922492,30393.139014700682,6624.136063929212,11357.580703369948,13988.280608673429,73.67443872740445,37.70461483001281,9824.0,41184.0,51008.0,25846.0,42000.0,8.1,69.6,64.0,5135176.201613148,953.0,221429.2214,1534.0,1389.0,4.5,1.5
2003-10-01,1.324753565217391,4.5,1.7,35353.76963350785,281.232,1904.3899987391308,377.67592592592587,12291669.0,28638.0,5609.0,9243.0,11255.0,73.27528611447349,37.72779888492596,9824.0,41184.0,51008.0,25846.0,42000.0,7.4,69.4,64.2,5141867.571559145,957.0,217635.2414,3287.0,1472.0,4.5,1.5
2003-11-01,1.3128103999999998,4.5,1.40322599566271,35370.293193717276,291.595,1939.950529526316,389.6172,12298217.997398715,27672.346362337415,5171.113633121483,9051.522632120123,10588.303636195946,72.90811232125981,37.75194163159827,9824.0,41184.0,51008.0,25846.0,42000.0,7.5,69.1,63.9,5148726.933069286,844.0,224552.1078,768.0,391.0,4.5,1.5
2003-12-01,1.3129541428571425,4.5,1.0666225699303666,35443.19197207679,306.174,1957.310913090909,407.14846153846156,12300246.157301923,27604.22216338394,5261.5284037161655,10566.652380540296,11782.822154092508,72.59660597958364,37.77548547347023,9824.0,41184.0,51008.0,25846.0,42000.0,7.4,69.9,64.8,5155311.746691302,728.0,217241.456,1247.0,1260.0,4.5,1.5
2004-01-01,1.2960861428571426,4.375,1.0,35427.951134380455,317.21750000000003,2097.61454465,412.8623076923077,12305320.0,28719.0,5397.0,12439.0,13344.0,72.32,37.8,10230.0,45533.0,55763.0,25846.0,47000.0,7.2,69.6,64.6,5162061.0,625.0,221502.3744,517.0,1489.0,4.25,2.5
2004-02-01,1.3298938999999999,4.25,1.2742475838524252,35465.58289703316,324.15,2052.735769157895,402.92199999999997,12314652.230405683,31086.423258449933,5494.123475521033,14382.73465160788,14976.5089589505,72.08942028635943,37.82470346383436,10230.0,45533.0,55763.0,25846.0,47000.0,7.2,70.2,65.2,5168754.296681731,887.0,221989.0113,412.0,586.0,4.25,2.5
2004-03-01,1.3304815652173914,4.0,1.77100588920254,35774.74345549738,324.09000000000003,1982.9356530434782,405.26407407407413,12326917.033394797,34142.54649350505,5610.572624081936,16180.12192717114,16554.069422992914,71.91538458272534,37.84798420206754,10230.0,45533.0,55763.0,25846.0,47000.0,7.8,70.2,64.8,5174965.109846578,1313.0,225317.90399999998,1702.0,829.0,4.0,2.25
2004-04-01,1.3408617,3.8125,2.1,35861.31588132635,324.33000000000004,2027.7942823809524,404.6437500000001,12341656.0,36346.0,6167.0,17505.0,18199.0,71.77388796445855,37.8730533510076,10230.0,45533.0,55763.0,25846.0,47000.0,7.3,70.4,65.3,5181550.103379348,1244.0,228128.8199,2041.0,1273.0,3.75,2.0
2004-05-01,1.3777125238095234,3.75,2.1476911275306088,35909.19197207679,302.1775,1928.1244994499998,383.67481481481485,12357184.494554663,37124.36399540987,7193.886397426804,18110.295086451304,19735.17284917248,71.68077888886005,37.897493711203175,10230.0,45533.0,55763.0,25846.0,47000.0,7.7,70.4,65.0,5187869.39960391,1193.0,241201.0243,978.0,1641.0,3.75,2.0
2004-06-01,1.3586886363636361,3.75,1.9725478885620369,36140.71727748691,314.38,1999.1933361428576,391.36240000000004,12374401.369315008,36544.97867705974,8561.549920678997,18001.89772838717,21068.090066851928,71.62985008422328,37.92293464000067,10230.0,45533.0,55763.0,25846.0,47000.0,7.2,70.1,65.1,5194344.284935234,1258.0,231930.4555,1869.0,2050.0,3.75,2.0
2004-07-01,1.3223883636363636,3.75,1.9,36026.94589877836,325.395,1919.722388857143,397.54037037037045,12391421.0,34733.0,9056.0,16991.0,20993.0,71.6243872798796,37.94773478715507,10230.0,45533.0,55763.0,25846.0,47000.0,7.4,70.1,64.9,5200557.024835817,1091.0,228362.8973,762.0,893.0,3.75,2.0
2004-08-01,1.3146591363636364,3.75,1.9805001442059944,36309.31762652705,324.82000000000005,1821.2963812272728,399.7492307692309,12409241.64794122,31583.078650057763,8512.058985166077,14975.74625549602,19307.987217223334,71.6488738606271,37.97344770775433,10230.0,45533.0,55763.0,25846.0,47000.0,7.6,70.1,64.7,5207026.385503713,1033.0,225848.5992,3438.0,760.0,3.75,2.0
2004-09-01,1.2905654999999998,3.9,2.182685533396426,36463.858638743455,327.92999999999995,1881.2014276666664,404.5435999999999,12426412.094285222,27582.860859240165,7115.520204318612,12270.863665867128,16350.95359554007,71.68704469102882,37.99913657359711,10230.0,45533.0,55763.0,25846.0,47000.0,7.3,69.0,64.0,5213663.017296347,932.0,224065.0075,1601.0,1380.0,4.0,2.25
2004-10-01,1.249289714285714,4.125,2.3,36412.59336823735,348.055,1935.5619070000002,419.8024,12437664.0,25298.0,6126.0,10584.0,14212.0,71.73699740251531,38.02397375744773,10230.0,45533.0,55763.0,25846.0,47000.0,7.6,69.4,64.1,5220244.939224425,900.0,238120.0933,2174.0,2070.0,4.25,2.5
2004-11-01,1.1962792727272726,4.25,2.308334126932622,36495.37347294939,350.17,2059.2052350000004,438.4124,12442967.261640273,24970.089250637575,5670.5100404415625,10063.682764813484,13066.473875672764,71.8020621758523,38.049615071562854,10230.0,45533.0,55763.0,25846.0,47000.0,7.4,69.6,64.4,5227210.946083149,1000.0,235626.733,1703.0,1210.0,4.25,2.5
2004-12-01,1.2181875652173912,4.25,2.2188784374039554,36450.92146596859,354.76800000000003,2146.2768,442.5352173913044,12443237.693860447,26504.42427759229,5696.1378868390375,10702.679465386142,12994.744539234658,71.87804128372774,38.07440623761252,10230.0,45533.0,55763.0,25846.0,47000.0,8.3,69.5,63.7,5234111.6180751845,703.0,239119.6999,1018.0,395.0,4.25,2.5
2005-01-01,1.2241941904761906,4.25,2.1,36595.905759162306,357.82750000000004,2081.3314941,424.104347826087,12446466.0,29269.0,5683.0,12285.0,14033.0,71.97,38.1,10485.0,47402.0,57887.0,25846.0,49500.0,7.0,68.8,64.0,5241407.0,601.0,230779.2962,491.0,965.0,4.25,2.5
2005-02-01,1.2392857000000002,4.25,1.9665650374874968,36668.471204188485,363.33000000000004,2065.44789531579,422.5127272727273,12454012.709910898,33110.31684800716,5543.156292033319,14761.607061105125,16208.656296225909,72.07562612989506,38.12556959675538,10485.0,47402.0,57887.0,25846.0,49500.0,7.8,69.0,63.6,5248869.769253483,874.0,234769.4691,914.0,1297.0,4.25,2.5
2005-03-01,1.216971619047619,4.25,1.855561681469606,36507.68237347295,377.75399999999996,2034.5836459090913,434.3669565217391,12464314.41653456,37223.62182167008,5404.638050623629,17543.244241454726,18951.439123540178,72.18277780981327,38.148643945529145,10485.0,47402.0,57887.0,25846.0,49500.0,7.4,69.3,64.2,5255754.208010512,1129.0,242998.5226,1888.0,3826.0,4.25,2.5
2005-04-01,1.2359726666666666,4.25,1.9,36806.66317626527,372.1525,1962.563337142857,427.68,12477967.0,40485.0,5926.0,19632.0,21426.0,72.31441611402279,38.17416754962993,10485.0,47402.0,57887.0,25846.0,49500.0,7.4,69.1,64.0,5263535.553147591,1249.0,233664.3395,2060.0,146.0,4.25,2.5
2005-05-01,1.2559501363636363,4.25,2.134835107838078,36978.815008726,362.6425,1998.4704821428572,421.84653846153844,12493176.693890583,42035.71571365787,7212.751809677926,20413.833294141496,23036.847246436115,72.4548212195168,38.19884480276246,10485.0,47402.0,57887.0,25846.0,49500.0,7.6,69.9,64.6,5271225.262183196,1283.0,244013.9564,803.0,1193.0,4.25,2.5
2005-06-01,1.2421523636363638,4.25,2.5183692387001626,37088.240837696336,363.506,2075.5190984545447,429.5841666666667,12510783.496950598,42004.91837749485,9072.409964105014,19939.982847267373,23778.172079586035,72.61335346666158,38.22432085513559,10485.0,47402.0,57887.0,25846.0,49500.0,7.5,69.9,64.7,5279335.9823863655,1308.0,241869.6636,2909.0,1417.0,4.25,2.5
2005-07-01,1.2237718095238095,4.25,2.7,37097.04537521815,360.2625,2138.3275025499997,424.1736000000001,12528663.0,40541.0,9804.0,18236.0,22959.0,72.77978496854456,38.24895209046718,10485.0,47402.0,57887.0,25846.0,49500.0,7.3,69.6,64.6,5287344.441485929,1110.0,245632.80899999998,3500.0,1720.0,4.25,2.5
2005-08-01,1.2055626521739131,4.25,2.63448266901803,37388.184991274,371.34,2157.993471826087,436.8911538461537,12547833.18906033,37572.134389947634,9178.027616891617,15187.402399633616,20411.520936014036,72.94246429532276,38.27439290856056,10485.0,47402.0,57887.0,25846.0,49500.0,6.4,69.2,64.8,5295640.560828545,1124.0,237292.9742,982.0,2480.0,4.25,2.5
2005-09-01,1.179030772727273,4.4375,2.3655556869432335,37483.24258289703,371.125,2145.5837867142855,455.0608333333333,12566658.626531903,33465.54519482536,7446.883478043881,11282.517988258502,16619.739787968872,73.0686320172536,38.29983673300765,10485.0,47402.0,57887.0,25846.0,49500.0,6.7,69.7,65.1,5303786.460162656,1150.0,241379.0557,922.0,357.0,4.5,1.5
2005-10-01,1.1776342857142859,4.625,2.2,37504.905759162306,374.815,2089.836675761905,469.2316666666666,12578931.0,30238.0,6320.0,9108.0,14356.0,73.15590990561672,38.32446268169528,10485.0,47402.0,57887.0,25846.0,49500.0,6.7,70.1,65.4,5311526.204667509,1040.0,246403.4827,982.0,841.0,4.75,3.0
2005-11-01,1.183129181818182,4.75,2.174189982095406,37704.930191972075,387.39399999999995,2198.7771577619046,475.03200000000004,12584544.875451315,27975.17669520418,5985.424181867076,8916.708905338,13895.289871057044,73.21011648630295,38.34991248453595,10485.0,47402.0,57887.0,25846.0,49500.0,5.9,68.9,64.8,5319375.777310091,1079.0,232161.8406,2228.0,1552.0,4.75,3.0
2005-12-01,1.162089857142857,5.0,2.2733614188460547,37822.87609075043,416.14750000000004,2249.277646047619,507.95880000000005,12584511.270385213,26893.471651056978,6338.853568277146,10453.440583026806,15013.984569431837,73.22775456055835,38.37454421876574,10485.0,47402.0,57887.0,25846.0,49500.0,6.7,68.5,63.9,5326828.754048946,743.0,244749.362,1868.0,1277.0,5.0,2.5
2006-01-01,1.1588001363636364,5.0625,2.4,37841.134380453754,436.1075,2286.17399905,548.1404000000001,12587531.0,27367.0,6606.0,12125.0,16181.0,73.21,38.4,10534.0,49669.0,60203.0,25846.0,51000.0,7.0,68.8,64.0,5334382.0,729.0,253418.16600000003,1157.0,3171.0,5.25,3.5
2006-02-01,1.1495118,5.25,2.5339407654416695,37989.528795811515,456.28499999999997,2273.930008736842,554.274347826087,12595097.495849922,29531.852697806484,6641.25810476037,13600.537457563323,17093.14248414653,73.15567502339927,38.42545881943427,10534.0,49669.0,60203.0,25846.0,51000.0,6.9,68.2,63.5,5341784.653697981,1010.0,259515.5455,920.0,1392.0,5.25,3.5
2006-03-01,1.1579455652173913,5.45,2.640963441477135,38060.51483420593,457.29800000000006,2298.326511478261,555.3573076923077,12605489.817902613,32610.998797743967,6572.931994983299,14804.648343443985,17855.518111582154,73.07517424989211,38.448456493546814,10534.0,49669.0,60203.0,25846.0,51000.0,6.4,68.3,63.9,5348341.484300281,1348.0,256038.7819,1837.0,1400.0,5.5,2.5
2006-04-01,1.1452103888888887,5.5625,2.6,38041.21116928447,511.9975,2340.4447342105263,609.2190909090909,12618444.0,34916.0,7092.0,16279.0,19753.0,72.95124751372694,38.47392109536176,10534.0,49669.0,60203.0,25846.0,51000.0,6.5,68.4,63.9,5355457.526935963,1193.0,249838.8458,1666.0,1442.0,5.75,4.66
2006-05-01,1.1098774999999999,5.8,2.378405472563416,38059.877835951134,575.172,2252.6995294090907,673.8003703703704,12632041.810143014,35676.5053995982,8299.1868711596,17891.2444907816,22817.823923426706,72.79649850715843,38.49856715117958,10534.0,49669.0,60203.0,25846.0,51000.0,6.2,68.4,64.2,5362200.635926207,1363.0,258012.9545,1963.0,1771.0,6.0,4.5
2006-06-01,1.113801772727273,6.0,1.9990174448941407,38006.169284467716,529.165,2140.1872892272727,595.7324000000001,12647069.938316187,35107.48950354073,10017.93706398338,19476.148462425568,26681.002892293447,72.60061062974867,38.52403773138812,10534.0,49669.0,60203.0,25846.0,51000.0,6.2,68.4,64.1,5369020.351870362,1284.0,251530.9182,2455.0,776.0,6.0,4.5
2006-07-01,1.1277549523809522,6.0,1.7,37950.91623036649,569.4324999999999,2089.09498295,631.9076923076923,12661878.0,34179.0,10677.0,19382.0,27836.0,72.37622180907246,38.5486895727481,10534.0,49669.0,60203.0,25846.0,51000.0,6.5,68.6,64.1,5375476.693094608,1161.0,250620.7752,2928.0,2330.0,6.0,4.5
2006-08-01,1.1191621304347827,6.0,1.4990291957772504,38068.856893542754,589.268,2116.1626083478263,629.7396296296296,12677333.368615035,32993.41173576891,10063.278539054547,17329.80621992788,25786.506469262855,72.12115620530452,38.574167443622,10534.0,49669.0,60203.0,25846.0,51000.0,6.5,68.1,63.6,5382098.7077573305,1139.0,250199.935,1448.0,1846.0,6.0,4.5
2006-09-01,1.1159737619047623,6.0,1.4049239388259736,38011.25130890052,584.3825,2219.0675292499996,599.2576,12692072.952545071,31511.99161358597,8399.724108765657,13770.965181500345,21080.58361378936,71.85772008291241,38.59965124753504,10534.0,49669.0,60203.0,25846.0,51000.0,7.0,68.6,63.8,5388787.695385059,1011.0,249715.1929,943.0,1071.0,6.0,4.5
2006-10-01,1.1288256363636364,6.0,1.4,38005.502617801045,602.9849999999999,2323.9522593181814,584.9570833333333,12700994.0,29444.0,7213.0,11460.0,17417.0,71.59484352032408,38.624318645531304,10534.0,49669.0,60203.0,25846.0,51000.0,6.8,68.1,63.5,5395324.919188241,1132.0,251892.3207,1928.0,1306.0,6.0,4.5
2006-11-01,1.1361017727272726,6.0,1.481363535708069,38047.12739965096,613.294,2405.4509277142856,625.9192307692308,12703924.83304232,26593.584609294077,6657.908350722763,10664.991535245379,15113.775018167853,71.31500141336693,38.649814130810505,10534.0,49669.0,60203.0,25846.0,51000.0,6.8,68.1,63.5,5402146.194087081,1059.0,254158.8725,1639.0,469.0,6.0,4.5
2006-12-01,1.1513308421052633,6.0,1.6333412745171942,38242.029668411866,625.565,2434.0910033500004,628.3808333333333,12701931.72601305,23514.335820364613,6688.9648852665505,11258.145120357261,14250.149915808164,71.03624809152214,38.67449283335464,10534.0,49669.0,60203.0,25846.0,51000.0,6.4,68.8,64.4,5408811.437830046,763.0,252814.6881,866.0,1126.0,6.0,4.5
2007-01-01,1.1758942727272728,6.0,1.8,37090.425087108015,620.53,2451.1974977,628.2828,12702838.0,22344.0,6793.0,12144.0,14329.0,70.74,38.7,10990.0,50220.0,61210.0,25846.0,51500.0,6.6,69.5,64.9,5415765.0,824.0,262393.5643,1192.0,3080.0,6.0,4.5
2007-02-01,1.1709892499999999,6.0,1.965483351789081,37338.828106852496,643.7049999999999,2482.686844526316,664.2295833333333,12708077.183225585,23606.473330583827,6884.774192147628,13119.1698994127,15322.194555945538,70.435414440912,38.72551310307734,10990.0,50220.0,61210.0,25846.0,51500.0,6.9,69.2,64.5,5422785.790127402,1020.0,269456.0098,497.0,634.0,6.0,4.5
2007-03-01,1.168464272727273,6.0,2.1064708640262095,37392.56213704994,667.23,2401.696810590909,654.2734615384616,12716215.014737992,26523.01508181214,7019.019249141197,14133.175658965218,16958.464016245296,70.153138672444,38.74856229866937,10990.0,50220.0,61210.0,25846.0,51500.0,7.2,69.0,64.1,5429184.932815686,1344.0,272016.532,746.0,574.0,6.0,4.5
2007-04-01,1.1346045789473684,6.0,2.2,37430.124274099886,704.5325,2496.3875,678.6968181818182,12726728.0,29478.0,7665.0,15805.0,19256.0,69.83268502992429,38.77408670011726,10990.0,50220.0,61210.0,25846.0,51500.0,7.1,68.8,63.9,5436333.672926623,1390.0,271089.5547,1019.0,818.0,6.0,4.5
2007-05-01,1.0950324090909094,6.0,2.219637622824674,37585.588850174216,712.0319999999999,2559.3581654545455,667.4284615384615,12738053.035461044,31714.741438328594,8856.326262916507,18034.890063731607,21913.898769301253,69.51463022205118,38.79879338605045,10990.0,50220.0,61210.0,25846.0,51500.0,6.8,68.7,64.0,5443315.818487747,1611.0,275813.0043,1564.0,446.0,6.0,4.5
2007-06-01,1.0652020476190474,6.0,2.1847290192184348,37719.02903600465,661.485,2595.659993571428,654.3766666666666,12750972.218966879,33256.76121091574,10431.373316540565,20546.14155233172,24682.966423146758,69.17777059496645,38.8243294688645,10990.0,50220.0,61210.0,25846.0,51500.0,6.8,68.9,64.2,5450596.845869796,1561.0,276792.9962,1112.0,985.0,6.0,4.5
2007-07-01,1.0511876363636363,6.1875,2.2,37569.49128919861,630.5575,2658.8233351428576,664.3623076923079,12764806.0,33291.0,10919.0,20760.0,24962.0,68.84383902783682,38.84904745934557,10990.0,50220.0,61210.0,25846.0,51500.0,6.8,68.9,64.2,5457707.011370704,1463.0,270624.285,1465.0,1752.0,6.25,5.44
2007-08-01,1.058613347826087,6.25,2.284504742418034,37738.8199767712,580.992,2539.437393826087,664.4985185185185,12780503.726110976,31694.146109749574,10110.66828664752,18265.359001170586,22343.21458602881,68.50063517767278,38.874575032447154,10990.0,50220.0,61210.0,25846.0,51500.0,6.6,68.9,64.3,5465084.573426873,1404.0,272197.4687,1189.0,536.0,6.25,5.44
2007-09-01,1.0273672999999999,6.25,2.4080409738480326,37749.5574912892,580.955,2630.801038105263,709.0407999999999,12796617.301723523,28743.068490228783,8258.636116304984,13675.945692073983,17474.070144565685,68.17128985719908,38.90006400096014,10990.0,50220.0,61210.0,25846.0,51500.0,6.6,68.5,64.0,5472450.494094819,1138.0,294180.6977,2329.0,930.0,6.25,5.44
2007-10-01,0.9763945652173913,6.25,2.4,37723.07781649245,606.0640000000001,2778.275220782609,753.951923076923,12807208.0,26227.0,7023.0,10797.0,14385.0,67.86578851456677,38.92469393826762,10990.0,50220.0,61210.0,25846.0,51500.0,6.4,68.7,64.3,5479567.632254093,1324.0,292034.6307,1821.0,804.0,6.25,5.44
2007-11-01,0.9644320000000001,6.25,2.232757975336232,37742.27177700349,602.7675,2672.5090679523814,805.6242307692307,12812094.201556813,24246.06539528632,6576.287966570409,10021.39379375177,13489.1842192124,67.56376439360041,38.950106840190095,10990.0,50220.0,61210.0,25846.0,51500.0,6.8,68.8,64.1,5486910.463781982,1373.0,297651.13399999996,1463.0,1516.0,6.25,5.44
2007-12-01,1.003404894736842,6.0,1.9562354992659556,37517.40766550523,562.095,2666.2535400000006,802.0504166666668,12812099.934333064,23071.176055993546,6828.032715901807,11147.45874065743,14586.236426762916,67.28470292145906,38.97466316466804,10990.0,50220.0,61210.0,25846.0,51500.0,7.0,68.8,64.0,5494005.257612167,946.0,298944.24,278.0,872.0,6.0,4.5
2008-01-01,1.0098040454545452,5.9,1.8,37593.78513356562,589.534,2420.7643229047617,883.2167999999998,12814446.0,23531.0,7039.0,12655.0,16113.0,67.01,39.0,12142.0,50159.0,62301.0,25846.0,52000.0,6.6,68.6,64.0,5501325.0,924.0,284193.3496,1455.0,718.0,5.75,4.66
2008-02-01,0.9995269523809523,5.75,1.81648993864586,37600.59698025552,627.4875000000001,2330.3645142000005,920.2935999999999,12820367.11180713,25842.44450530001,7074.70788368428,14247.758860137332,17768.190968262013,66.74918162255287,39.02529817854004,12142.0,50159.0,62301.0,25846.0,52000.0,6.5,69.0,64.6,5508633.008562556,973.0,283936.036,2187.0,2525.0,5.75,4.66
2008-03-01,0.9993817368421053,5.25,1.9843163918181628,37586.59581881533,667.895,2254.8009886500004,964.3986956521738,12828968.936129015,29318.0531381338,7044.613743001236,15808.143086320826,19399.487541347462,66.51776001169478,39.0489292202659,12142.0,50159.0,62301.0,25846.0,52000.0,6.8,69.5,64.7,5515458.909987891,1117.0,288849.2462,2561.0,1796.0,5.25,3.5
2008-04-01,1.0136044545454548,5.05,2.3,37724.48199767712,707.674,2366.030439909091,910.3616000000001,12840272.0,32002.0,7583.0,17506.0,21008.0,66.28381494523845,39.07415257920872,12142.0,50159.0,62301.0,25846.0,52000.0,6.2,68.9,64.6,5522744.207920884,1371.0,295366.6907,2847.0,1582.0,4.75,3.0
2008-05-01,0.9983613809523811,4.75,2.7354106081852905,37733.81881533101,734.54,2480.2209472857144,887.8603703703704,12853101.675190553,33202.87278468815,8765.459908799614,19171.35175298465,22396.41934366629,66.07063642907457,39.09852547499668,12142.0,50159.0,62301.0,25846.0,52000.0,6.5,69.7,65.2,5529783.32407859,1462.0,296104.1553,1826.0,1752.0,4.75,3.0
2008-06-01,1.0160878095238095,4.75,3.248227997641877,37878.84785133565,715.0575,2434.9652389999997,887.7728,12868157.489357272,33045.917662919244,10412.480274417481,20610.697898618077,23450.703469941804,65.86401256212557,39.12367276734898,12142.0,50159.0,62301.0,25846.0,52000.0,6.6,68.4,63.9,5537045.532871524,1365.0,297700.7766,3682.0,2160.0,4.75,3.0
2008-07-01,1.0130174347826084,4.75,3.4,37969.94425087108,720.952,2276.414539545454,939.4948148148148,12883583.0,31798.0,10950.0,20001.0,22929.0,65.67727391645263,39.1479720503074,12142.0,50159.0,62301.0,25846.0,52000.0,6.9,68.1,63.4,5544062.304700142,1351.0,297018.5396,748.0,987.0,4.75,3.0
2008-08-01,1.0528724285714286,4.75,3.1294971561390237,37961.53890824623,671.8025,2384.9147832857143,834.8631999999999,12900250.790472154,29421.113270144255,10155.509878350105,16997.08763370022,20589.925310529157,65.48436210877011,39.173144977465626,12142.0,50159.0,62301.0,25846.0,52000.0,6.6,68.0,63.5,5551340.4967944035,1149.0,285999.9243,3777.0,472.0,4.75,3.0
2008-09-01,1.0580479999999999,4.75,2.5058344377513895,38017.65505226481,643.6225,2220.683326380952,821.0272,12916683.308473028,26187.652065932234,8267.47479834418,12245.766156594507,16923.27763190144,65.27628689131878,39.19849632381258,12142.0,50159.0,62301.0,25846.0,52000.0,6.7,68.1,63.5,5558690.353018836,1058.0,288207.7949,3674.0,1984.0,4.75,3.0
2008-10-01,1.176903,4.35,2.0,37943.28455284553,560.048,1741.135222086957,807.6392592592592,12927148.0,23572.0,6888.0,9541.0,14794.0,65.060471794412,39.22319987121818,12142.0,50159.0,62301.0,25846.0,52000.0,7.2,68.7,63.7,5565871.392239936,956.0,274819.0847,3677.0,1072.0,4.0,2.25
2008-11-01,1.2182486,4.0,1.6496207278733002,37535.514518002325,498.35,1549.9247341578948,753.3943999999999,12931485.309833165,21618.296668436647,6169.906580768176,9287.294182406222,14501.277683528579,64.82252914492263,39.248902522842776,12142.0,50159.0,62301.0,25846.0,52000.0,7.7,68.2,63.0,5573362.350405774,622.0,266543.2283,1815.0,2333.0,4.0,2.25
2008-12-01,1.235212142857143,3.6,1.4484265488391739,36956.44483159117,456.254,1521.1741055909088,816.1149999999999,12930631.186497655,20555.28799684142,6057.958672147651,11122.180043816874,15780.902593561817,64.57781008152742,39.27394604309772,12142.0,50159.0,62301.0,25846.0,52000.0,8.1,68.7,63.2,5580679.939892752,494.0,266159.1862,1479.0,2280.0,3.5,1.5
2009-01-01,1.2266394761904762,3.25,1.2,36648.648083623695,469.2175,1539.3229919,856.3739999999999,12932234.0,20963.0,5901.0,12767.0,16924.0,64.31,39.3,12598.0,50336.0,62934.0,26570.0,52500.0,8.8,68.5,62.5,5588312.0,479.0,257618.9666,1200.0,910.0,3.0,1.0
2009-02-01,1.2468435999999998,3.0,0.8800563594189087,36516.43321718932,474.9975,1486.469469631579,934.4552380952382,12937639.861398438,23009.420991447616,5595.415003770517,13758.590561087414,17587.652917221876,64.02701138743686,39.32623248909253,12598.0,50336.0,62934.0,26570.0,52500.0,9.3,68.8,62.4,5596015.76765124,681.0,267550.0573,1086.0,2368.0,3.0,1.0
2009-03-01,1.2627541818181816,2.5,0.5321648595998005,36212.13704994193,488.6875,1428.3831898181813,922.0614285714286,12945587.797432218,26039.66661503418,5282.521743414558,14219.347593351316,17860.730086198633,63.75836249842508,39.35007980243438,12598.0,50336.0,62934.0,26570.0,52500.0,9.1,69.4,63.1,5603035.643564473,986.0,277731.0558,2699.0,908.0,2.5,0.5
2009-04-01,1.2272565500000003,2.4,0.1,36062.4587688734,504.004,1630.0923840952382,887.7847368421053,12956332.0,29090.0,5542.0,15149.0,18412.0,63.44648571389071,39.37665207859875,12598.0,50336.0,62934.0,26570.0,52500.0,9.0,68.6,62.4,5610875.88686396,1302.0,286062.37100000004,915.0,2682.0,2.25,0.25
2009-05-01,1.1514024,2.25,-0.36241283626668913,36011.04297328687,522.7,1725.0454955999999,924.3554545454547,12968449.86713629,31486.12758927988,6499.992246363987,16608.652991159386,19289.537578027448,63.13021748754872,39.40253717098895,12598.0,50336.0,62934.0,26570.0,52500.0,9.9,68.5,61.8,5618531.494222211,1529.0,281881.7351,1207.0,2652.0,2.25,0.25
2009-06-01,1.1245806818181818,2.25,-0.8236187668328538,36056.71196283391,547.95,1825.065446363636,942.7519047619048,12982753.593708662,33191.28547305247,7995.447532804599,18355.332886333967,20263.291871120826,62.788473270976326,39.42946075243099,12598.0,50336.0,62934.0,26570.0,52500.0,10.3,68.0,61.0,5626512.839463105,1752.0,304015.411,1825.0,1412.0,2.25,0.25
2009-07-01,1.123503347826087,2.25,-0.9,36033.770034843204,551.324,1866.3436223181818,929.9434782608696,12998345.0,32979.0,8654.0,18343.0,19631.0,62.4433010781459,39.455685817670535,12598.0,50336.0,62934.0,26570.0,52500.0,10.2,68.1,61.2,5634304.997087235,1675.0,302291.4412,942.0,902.0,2.25,0.25
2009-08-01,1.0879557142857144,2.25,-0.5343662131940781,36089.586527293846,586.0675,1995.9414295238098,945.7671428571431,13016267.850154875,30638.61305614562,8294.636046303696,16230.548259829066,17061.955718894937,62.07808358672747,39.48243315300294,12598.0,50336.0,62934.0,26570.0,52500.0,10.2,68.1,61.1,5642363.69097636,1390.0,300939.4496,1607.0,503.0,2.25,0.25
2009-09-01,1.0818217727272728,2.25,0.19789014955257142,36449.829268292684,565.9999999999999,2080.765247238095,991.8709523809524,13034891.607324693,26637.893983861704,7082.64391766568,12539.110144471024,13106.525642220282,61.7117929170678,39.50819525519871,12598.0,50336.0,62934.0,26570.0,52500.0,9.3,67.2,61.0,5650353.454219786,1423.0,315820.3443,1631.0,797.0,2.25,0.25
2009-10-01,1.0542656818181817,2.25,0.8,36459.36236933798,579.72,2128.381808227273,1039.7208695652175,13047485.0,23834.0,6190.0,10431.0,10956.0,61.35631200736988,39.532186949989544,12598.0,50336.0,62934.0,26570.0,52500.0,9.4,67.8,61.4,5658019.695067281,1417.0,323766.0134,2716.0,1103.0,2.25,0.25
2009-11-01,1.0597757142857145,2.25,1.2371980043695152,36685.59349593496,596.14,2137.0775146,1121.422380952381,13053885.17419409,22475.47130349469,5736.743832223508,10253.59564521508,10959.808530521022,60.98794213032051,39.55600768369484,12598.0,50336.0,62934.0,26570.0,52500.0,9.8,68.3,61.6,5665873.496242004,1343.0,317861.9173,1029.0,1904.0,2.25,0.25
2009-12-01,1.0536575000000001,2.25,1.4867527516860692,36715.17537746806,620.454,2219.700006681818,1130.1790476190472,13054910.719005391,22658.346359559022,5696.383814987282,11763.262018943487,12827.039678935082,60.63044908443903,39.57812063478519,12598.0,50336.0,62934.0,26570.0,52500.0,9.6,67.7,61.2,5673408.160893978,1118.0,321804.8658,748.0,1836.0,2.25,0.25
2010-01-01,1.0427008999999998,2.25,1.6,36911.4425087108,620.4125,2274.9184313684204,1116.997894736842,13058435.0,24448.0,5713.0,13444.0,14840.0,60.26,39.6,13116.0,52286.0,65402.0,27537.0,54100.0,9.1,68.1,62.0,5681126.0,931.0,310811.9527,700.0,1960.0,2.25,0.25
2010-02-01,1.05610475,2.25,1.5720004932151732,37147.89430894309,594.09,2189.179995947368,1093.0914285714287,13065757.650049202,27873.390408330484,5730.3579546841775,14979.562651489148,16632.53856111692,59.888494269182615,39.62089276811309,13116.0,52286.0,65402.0,27537.0,54100.0,9.6,68.3,61.7,5688774.743628483,1289.0,334339.1032,1745.0,774.0,2.25,0.25
2010-03-01,1.0236339130434782,2.25,1.4515862738278982,37344.155632984905,613.966,2356.8713058695653,1110.825,13075434.895524003,32024.719329267824,5802.091499704521,16243.870324402678,18017.704875413365,59.55203249576115,39.638915654186064,13116.0,52286.0,65402.0,27537.0,54100.0,9.4,67.8,61.5,5695623.897223778,1714.0,327584.4212,905.0,934.0,2.25,0.25
2010-04-01,1.0045711499999999,2.25,1.4,37299.262485481995,639.8499999999999,2473.290969142857,1144.2,13088106.0,35311.0,6338.0,17523.0,18976.0,59.17851572828817,39.657930705234584,13116.0,52286.0,65402.0,27537.0,54100.0,9.4,67.7,61.3,5703141.136556303,1781.0,325237.9882,1730.0,2121.0,2.25,0.25
2010-05-01,1.039673761904762,2.25,1.460963860645095,37533.68524970964,614.9225,2324.9190063500005,1199.4333333333332,13102103.18458558,36794.64654711033,7374.74892728317,18642.520498498674,19278.55369658193,58.81604182070642,39.675392995689364,13116.0,52286.0,65402.0,27537.0,54100.0,9.2,67.9,61.6,5710350.096199697,1535.0,340555.6,2145.0,721.0,2.25,0.25
2010-06-01,1.0381863636363635,2.5,1.6244679372807156,37668.631823461095,591.0899999999999,2243.438187954546,1229.6714285714284,13118353.974638084,36600.10351793452,8774.37052900397,19486.758908871532,18949.1995765466,58.44044584584377,39.69246667824741,13116.0,52286.0,65402.0,27537.0,54100.0,8.9,68.0,61.9,5717731.373463519,1432.0,332991.9232,1429.0,3030.0,2.5,0.5
2010-07-01,1.0433401818181818,2.625,1.8,37609.652729384434,590.18,2206.4795502857137,1192.3863636363637,13135778.0,34885.0,9270.0,18920.0,18030.0,58.07595980207846,39.70805022500173,13116.0,52286.0,65402.0,27537.0,54100.0,8.9,68.3,62.2,5724808.756911393,1108.0,332094.3132,1460.0,2856.0,2.75,0.75
2010-08-01,1.0402966363636366,2.75,1.9851880104587596,37767.772357723574,615.0925000000001,2204.3522839545453,1210.7381818181816,13155531.242080417,31560.530536306156,8687.594957302055,16714.15223369889,16463.338360121008,57.7048482117358,39.723615834297206,13116.0,52286.0,65402.0,27537.0,54100.0,9.8,69.1,62.3,5732085.42265801,1143.0,330952.196,1873.0,2572.0,2.75,0.75
2010-09-01,1.0344010000000001,2.9,2.1668775738229353,37831.54819976771,629.536,2292.121430952381,1265.0990476190477,13175821.441970272,27028.468148006406,7235.356880833787,13298.623800214384,14460.65591769898,57.347159096610405,39.73915068505898,13116.0,52286.0,65402.0,27537.0,54100.0,9.8,68.0,61.4,5739362.151469164,1089.0,329329.8595,1803.0,2049.0,3.0,1.0
2010-10-01,1.018332238095238,3.0,2.3,37985.74099883856,664.42,2437.5228562380953,1338.8914285714288,13189339.0,23471.0,6299.0,11178.0,13128.0,57.013804481879234,39.75415619202716,13116.0,52286.0,65402.0,27537.0,54100.0,8.5,67.8,62.0,5746404.28431454,1169.0,337753.6972,746.0,2001.0,3.0,1.0
2010-11-01,1.0125629999999999,3.0,2.3869563566323952,38121.455284552845,671.0775,2529.120942666667,1366.552727272727,13195895.136942156,20976.199696966047,6029.381182424056,10595.055471918575,12544.321606731872,56.682560726560205,39.76963272233295,13116.0,52286.0,65402.0,27537.0,54100.0,8.3,67.6,62.0,5753681.296717164,1253.0,340879.7829,3299.0,1739.0,3.0,1.0
2010-12-01,1.0080836521739132,3.0,2.442564562954189,38383.620209059234,680.454,2629.9750089090903,1389.5257142857145,13196327.025037603,19744.607420351404,6330.41945064682,11389.707003866104,12706.29701940612,56.37479839551263,39.78458179015018,13116.0,52286.0,65402.0,27537.0,54100.0,8.4,68.5,62.7,5760723.704005903,892.0,342008.5404,829.0,1320.0,3.0,1.0
2011-01-01,0.9938140000000001,3.0,2.6,38426.33449477352,696.1624999999999,2716.4974853500003,1360.6363157894734,13198650.0,19945.0,6503.0,12362.0,13365.0,56.07,39.8,13385.0,53226.0,66611.0,28334.0,54300.0,8.5,68.8,63.0,5768001.0,805.0,327867.882,1420.0,2197.0,3.0,1.0
2011-02-01,0.9879476,3.0,2.8805029612780633,38441.15098722416,729.0999999999999,2777.0547388947366,1367.5314999999998,13204203.93154075,21684.154079629152,6415.637324335091,13280.292817587404,14480.045326519907,55.77864104963485,39.81538857158529,13385.0,53226.0,66611.0,28334.0,54300.0,8.0,67.8,62.3,5775278.440114353,1158.0,355614.5363,2067.0,2215.0,3.0,1.0
2011-03-01,0.9765983478260871,3.0,3.205340325566935,38570.24041811847,726.766,2722.855649130435,1417.4300000000003,13211832.760628741,24333.073988901815,6217.718665866053,14157.982197410438,15873.419304248906,55.527029616518206,39.82926245184496,13385.0,53226.0,66611.0,28334.0,54300.0,8.6,67.7,61.9,5781851.735704979,1645.0,352319.9009,2878.0,921.0,3.0,1.0
2011-04-01,0.9579864736842104,3.0,3.4,38603.70150987224,741.6099999999999,2796.0070190000006,1470.683888888889,13221999.0,26719.0,6610.0,15857.0,17801.0,55.261248964982194,39.84459461512038,13385.0,53226.0,66611.0,28334.0,54300.0,8.5,68.0,62.2,5789129.450112724,1427.0,351763.2761,3262.0,1149.0,3.0,1.0
2011-05-01,0.9677812272727273,3.0,3.385313433706899,38482.156794425086,726.095,2815.4137834761905,1510.3281818181815,13233375.824752532,28209.980305203735,7717.033924450527,18333.777983140706,20044.881598044616,55.01683802469237,39.85940397290821,13385.0,53226.0,66611.0,28334.0,54300.0,8.4,67.8,62.1,5796172.536761255,1575.0,355347.393,2173.0,1905.0,3.0,1.0
2011-06-01,0.9774402727272729,3.0,3.190534417107951,38681.19396051103,723.56,2688.829112727273,1524.7485714285713,13246745.529563606,28901.881856142358,9362.48299088313,21272.48823064954,22386.723568040325,54.777502732962745,39.87467781572765,13385.0,53226.0,66611.0,28334.0,54300.0,8.3,67.6,61.9,5803450.534760473,1746.0,358880.92100000003,2437.0,4778.0,3.0,1.0
2011-07-01,0.9561420952380953,3.0,3.0,38872.05458768873,775.6524999999999,2809.6885253,1564.9271428571426,13261381.0,28730.0,10019.0,21751.0,22585.0,54.55868407635649,39.88943073436452,13385.0,53226.0,66611.0,28334.0,54300.0,8.1,66.9,61.5,5810493.895852363,1452.0,353189.0716,3273.0,1822.0,3.0,1.0
2011-08-01,0.9810164782608695,3.0,2.831240782749041,39143.83042973287,779.668,2509.0782523478265,1755.1104347826083,13278281.773784582,27679.34421098294,9480.213042444388,19320.26762742307,20284.996685842234,54.326147165376,39.90518690970697,13385.0,53226.0,66611.0,28334.0,54300.0,8.1,66.8,61.4,5817749.833987569,1393.0,364437.2268,2337.0,2064.0,3.0,1.0
2011-09-01,1.0020491363636364,3.0,2.6931695148833854,39314.57142857143,761.995,2526.5728934285717,1775.9127272727274,13296002.625762165,25864.98187228027,7959.108378874793,14626.07398713002,16087.2288224395,54.063708949132035,39.92210611389944,13385.0,53226.0,66611.0,28334.0,54300.0,8.3,66.8,61.3,5824956.627132243,1355.0,350145.7255,2298.0,2999.0,3.0,1.0
2011-10-01,1.0203630000000001,3.0,2.6,39257.59930313589,711.9799999999999,2585.848109619048,1660.042,13308659.0,24043.0,6914.0,11722.0,13683.0,53.78121809140914,39.939588226614596,13385.0,53226.0,66611.0,28334.0,54300.0,8.6,66.4,60.7,5831884.095498846,1358.0,367714.7835,2573.0,1045.0,3.0,1.0
2011-11-01,1.0252516363636364,3.0,2.547367092546787,39287.649245063876,720.312,2609.4104818571427,1734.2936363636363,13316227.600813188,22200.61006388847,6499.180473249438,11038.189315347594,13481.724926178158,53.459841868359106,39.95879872203346,13385.0,53226.0,66611.0,28334.0,54300.0,8.6,66.6,60.9,5838994.070311823,1337.0,364980.9843,1094.0,1525.0,3.0,1.0
2011-12-01,1.022959523809524,3.0,2.5202370848212863,39442.35423925668,717.01,2607.424293190476,1646.6709999999998,13319130.612902623,20671.581201035853,6630.736548128411,12344.5182454075,15227.441418167971,53.120314229856106,39.97849821335477,13385.0,53226.0,66611.0,28334.0,54300.0,8.3,66.1,60.6,5845827.84351872,943.0,351104.5069,2406.0,1081.0,3.0,1.0
2012-01-01,1.0130698181818183,3.0,2.4,39350.368176538905,741.0849999999999,2737.26898185,1647.4184999999998,13323332.0,20716.0,6616.0,13990.0,17332.0,52.74,40.0,13754.0,54334.0,68088.0,29651.0,54400.0,9.2,66.6,60.4,5852841.0,775.0,343835.3535,3096.0,2615.0,3.0,1.0
2012-02-01,0.9976749523809525,3.0,2.1666927678303494,39246.72822299651,776.76,2923.0499879000004,1740.4880952380945,13329710.947895851,22637.173099448046,6331.8756681535,15647.908862343931,19459.670297731544,52.32973366832438,40.02266621333403,13754.0,54334.0,68088.0,29651.0,54400.0,8.3,65.9,60.4,5859804.953722546,1212.0,371333.7434,1931.0,851.0,3.0,1.0
2012-03-01,0.9939435454545457,3.0,1.867003273245879,39335.501742160275,761.2,3031.825472727273,1672.1818181818182,13337651.713093495,25735.93716925459,5938.925359822405,17167.140408636642,21399.863935206242,51.91882028564037,40.04492425392357,13754.0,54334.0,68088.0,29651.0,54400.0,8.8,66.6,60.7,5866275.076507637,1584.0,361800.3813,3639.0,2344.0,3.0,1.0
2012-04-01,0.9928724210526314,3.0,1.6,39481.99651567944,740.375,3036.8235106,1647.3805555555557,13348263.0,27773.0,6166.0,18469.0,22943.0,51.45058214399158,40.06984419633273,13754.0,54334.0,68088.0,29651.0,54400.0,9.0,66.4,60.5,5873143.799084253,1534.0,360806.8357,4563.0,889.0,3.0,1.0
2012-05-01,1.0101908636363635,3.0,1.4161150196332064,39559.07549361208,721.682,2905.0254572272725,1586.1147826086954,13360622.734887647,28071.451601032404,7145.196530193549,19366.72531806788,23839.24578872785,50.96893006813495,40.095068958934995,13754.0,54334.0,68088.0,29651.0,54400.0,9.3,66.7,60.5,5879744.102384994,1632.0,368147.4161,3399.0,2005.0,3.0,1.0
2012-06-01,1.0278310000000002,3.0,1.2951730746342454,39597.441347270615,699.885,2849.2409318571426,1592.9185714285716,13375384.989562528,26920.788493941436,8687.545173030687,19774.336369901484,23995.007238580674,50.44175391968006,40.122280192570514,13754.0,54334.0,68088.0,29651.0,54400.0,8.7,66.9,61.1,5886516.00662991,1415.0,364597.2587,2796.0,979.0,3.0,1.0
2012-07-01,1.0140511818181819,3.0,1.2,39553.0905923345,634.365,2919.455729190476,1588.6477272727273,13390632.0,25927.0,9249.0,18837.0,22529.0,49.90306506304336,40.14972233377894,13754.0,54334.0,68088.0,29651.0,54400.0,8.5,67.1,61.4,5893022.614770945,1246.0,347996.5201,2863.0,1476.0,3.0,1.0
2012-08-01,0.9931636956521738,3.0,1.116334665268054,39561.170731707316,684.026,3029.418690521739,1623.5573913043474,13407210.323042817,25293.433301132834,8612.741786847511,16346.398769559997,19190.14647502281,49.347440608117346,40.17809909314009,13754.0,54334.0,68088.0,29651.0,54400.0,8.7,67.2,61.3,5899691.659436931,1072.0,349488.6045,3988.0,1541.0,3.0,1.0
2012-09-01,0.9788093,3.0,1.0481624324700185,39631.664343786295,729.375,3134.7705591578947,1737.5895,13423738.186532894,24998.313368696246,7015.748880512327,12724.575059822706,14576.6734530308,48.82694262286459,40.20523739527125,13754.0,54334.0,68088.0,29651.0,54400.0,8.4,67.5,61.8,5906298.606637591,934.0,377422.1595,2681.0,1504.0,3.0,1.0
2012-10-01,0.9866151739130433,3.0,1.0,39560.61672473868,730.1600000000001,3070.490001952381,1741.3790909090908,13434943.0,24707.0,6029.0,10365.0,11995.0,48.356712228825046,40.230319901086325,13754.0,54334.0,68088.0,29651.0,54400.0,8.7,68.1,62.1,5912633.29505997,1141.0,358740.4864,2576.0,2373.0,3.0,1.0
2012-11-01,0.9968633181818182,3.0,0.9691395085899919,39753.25783972126,714.0799999999999,2941.2238189047625,1719.5986363636366,13440792.13341432,24346.151720952606,5828.969170184724,9475.772970334801,11782.130826265613,47.9054007330627,40.255018777639634,13754.0,54334.0,68088.0,29651.0,54400.0,8.2,67.7,62.1,5919118.037265559,987.0,350539.8055,2233.0,1377.0,3.0,1.0
2012-12-01,0.9896448947368421,3.0,0.9507107148331978,39688.79674796748,728.58,3001.47849115,1683.5526315789473,13441908.281438628,24084.134525106678,6289.186000676417,10065.559091994173,13716.5223312349,47.50212500627193,40.27774054902453,13754.0,54334.0,68088.0,29651.0,54400.0,8.5,68.0,62.2,5925334.4627894815,680.0,342846.95,3298.0,1764.0,3.0,1.0
2013-01-01,0.9924937727272725,3.0,0.9,39846.20789779326,672.5199999999999,3122.7252022857147,1668.8347619047618,13444704.0,24823.0,6557.0,11865.0,16436.0,47.12,40.3,14154.0,56157.0,70311.0,31589.0,54000.0,8.4,68.0,62.3,5931697.0,730.0,340295.2521,970.0,1479.0,3.0,1.0
2013-02-01,1.00896135,3.0,0.8098963361220526,40077.5818815331,665.41,3170.842619210526,1627.5910000000003,13450219.342444804,26740.412516818877,6467.282511514839,14822.791385746887,19640.792102355168,46.77303534084612,40.321019742894904,14154.0,56157.0,70311.0,31589.0,54000.0,8.5,67.8,62.1,5937997.433032693,942.0,355104.189,2713.0,1832.0,3.0,1.0
2013-03-01,1.0247883,3.0,0.7111486654399977,40214.34610917538,643.7975,3230.8900025000003,1589.8995,13457499.711949237,29170.328414155676,6186.982352182598,18198.404588214562,22717.087267859515,46.48986897515829,40.33893976158196,14154.0,56157.0,70311.0,31589.0,54000.0,8.3,67.7,62.1,5943634.766874002,1266.0,367594.6177,1723.0,1245.0,3.0,1.0
2013-04-01,1.018539714285714,3.0,0.7,40257.037166085946,627.6775,3248.4441029090904,1483.7979999999995,13467829.0,30392.0,6425.0,20640.0,24648.0,46.20982239600335,40.35760006006551,14154.0,56157.0,70311.0,31589.0,54000.0,8.1,68.3,62.7,5949817.001632776,1455.0,382668.2591,1133.0,3780.0,3.0,1.0
2013-05-01,1.0212756818181816,3.0,0.8057164701824202,40348.901277584206,612.818,3434.4995227727272,1415.45,13480052.21864979,29756.00773986739,7323.671581289622,21383.45212615712,24779.965382862305,45.9722869110907,40.3744780462216,14154.0,56157.0,70311.0,31589.0,54000.0,7.9,68.1,62.8,5955740.678014618,1499.0,372767.7872,2355.0,3572.0,3.0,1.0
2013-06-01,1.03095065,3.0,1.0035399652724841,40251.739837398374,598.73,3420.7365114,1335.8695000000002,13494882.040952303,27522.323097668817,8716.933236426572,20599.94214465833,23274.103634611034,45.76142682142617,40.3906989191273,14154.0,56157.0,70311.0,31589.0,54000.0,8.1,68.5,63.0,5961800.707778322,1312.0,369106.3971,2099.0,1298.0,3.0,1.0
2013-07-01,1.041287782608696,3.0,1.1,40354.01974448316,579.452,3555.775468227273,1282.0978260869567,13510781.0,25553.0,9231.0,19031.0,21093.0,45.5908460037623,40.40521617085322,14154.0,56157.0,70311.0,31589.0,54000.0,8.0,68.3,62.8,5967606.121261709,1332.0,365184.7725,2024.0,1357.0,3.0,1.0
2013-08-01,1.0408575,3.0,1.0697213679531996,40658.01161440186,594.445,3639.2700085,1346.954347826087,13528706.818206428,24019.1211882695,8674.167691203933,16693.64725210016,18243.570096028896,45.44407869230521,40.4198113341189,14154.0,56157.0,70311.0,31589.0,54000.0,7.9,68.4,63.1,5973460.247101229,1280.0,357571.9953,2782.0,589.0,3.0,1.0
2013-09-01,1.0352155714285716,3.0,0.9406926752799575,40904.15911730546,591.0474999999999,3727.9690186,1348.4952380952382,13546956.991604522,23025.402699323455,7259.423660758396,13874.388368633221,15088.673210737907,45.321235126718854,40.434961826559565,14154.0,56157.0,70311.0,31589.0,54000.0,8.1,68.5,63.0,5979067.630993131,1183.0,366501.4818,2246.0,1451.0,3.0,1.0
2013-10-01,1.0361206521739128,3.0,0.9,41072.04181184669,591.222,3843.6230574782608,1311.0513043478263,13558528.0,22743.0,6399.0,12002.0,13348.0,45.225120310159184,40.450154343908515,14154.0,56157.0,70311.0,31589.0,54000.0,8.1,68.0,62.5,5984258.994292697,1347.0,384441.3987,3034.0,1549.0,3.0,1.0
2013-11-01,1.0482976666666666,3.0,0.9742282516766363,41122.86527293844,581.3875,3954.12550055,1272.8468181818182,13563139.124696571,23180.206978882572,6253.4683234619315,11167.81968396023,13169.107270398443,45.14932658818885,40.46640172065566,14154.0,56157.0,70311.0,31589.0,54000.0,8.0,68.1,62.6,5989380.427886565,1081.0,385968.3867,2135.0,1569.0,3.0,1.0
2013-12-01,1.0639667000000002,3.0,1.1516373866372867,40877.71777003484,573.3225,4075.538074285714,1221.196,13561786.960797986,24230.973760995592,6698.25646760012,11418.57022337479,14504.282631840766,45.09874387835432,40.482655738946356,14154.0,56157.0,70311.0,31589.0,54000.0,8.4,68.2,62.4,5994101.5167041635,799.0,367375.8936,1949.0,2323.0,3.0,1.0
2014-01-01,1.0936263181818182,3.0,1.4,40897.03135888502,581.348,4156.781877714286,1238.7552380952382,13562583.0,25472.0,6914.0,12726.0,17067.0,45.07,40.5,14843.0,57527.0,72370.0,33385.0,52800.0,8.1,67.5,62.0,5998737.0,767.0,366020.5137,2161.0,1101.0,3.0,1.0
2014-02-01,1.10508995,3.0,1.707168101193032,41219.49361207898,565.885,4192.36898636842,1293.863,13566967.414710555,26789.04856414396,6741.1787952456525,15091.484266066625,20769.914826003893,45.06516669790955,40.517901694061855,14843.0,57527.0,72370.0,33385.0,52800.0,8.0,68.1,62.6,6003125.524947654,1031.0,372627.6547,2750.0,1518.0,3.0,1.0
2014-03-01,1.1106778095238095,3.0,2.010546611989571,41279.455284552845,565.215,4289.5119512857145,1333.0904999999998,13573771.900895284,27905.504075747303,6378.889228734659,17901.528532177337,24700.234931329225,45.081352785088995,40.53455009167941,14843.0,57527.0,72370.0,33385.0,52800.0,7.7,67.7,62.5,6006877.08796427,1331.0,384865.43200000003,829.0,1579.0,3.0,1.0
2014-04-01,1.0991048500000002,3.0,2.2,41411.75958188153,579.6099999999999,4131.049049,1295.176842105263,13582747.0,28075.0,6659.0,20079.0,26894.0,45.12202670879107,40.553512706627856,14843.0,57527.0,72370.0,33385.0,52800.0,7.5,67.6,62.5,6010795.595410548,1505.0,384758.4159,2725.0,2230.0,3.0,1.0
2014-05-01,1.0887165714285716,3.0,2.2095722580779817,41614.39024390244,589.0550000000001,4130.021891190477,1285.9736363636364,13592609.162678853,27018.464873808283,7753.219939579138,20990.706058000233,26421.403725334032,45.184154623800836,40.57239437479079,14843.0,57527.0,72370.0,33385.0,52800.0,8.0,67.0,61.6,6014352.562149834,1565.0,401809.0173,2113.0,1804.0,3.0,1.0
2014-06-01,1.0835282380952382,3.0,2.0744916955390367,41821.200929152146,588.2700000000001,4323.995233476191,1275.398,13604169.260318805,24872.517148851504,9444.606364781675,20705.656781845515,23599.18423031251,45.27187839111893,40.59245387404573,14843.0,57527.0,72370.0,33385.0,52800.0,8.3,66.4,60.9,6017785.119298082,1578.0,390568.4791,1389.0,2307.0,3.0,1.0
2014-07-01,1.0727482608695649,3.0,2.0,41747.9593495935,597.7859999999998,4437.136829636364,1308.4026086956524,13617553.0,22952.0,9977.0,19289.0,20588.0,45.37953841285386,40.61239704315042,14843.0,57527.0,72370.0,33385.0,52800.0,8.8,66.6,60.7,6020871.811555399,1527.0,379001.8874,2552.0,3227.0,3.0,1.0
2014-08-01,1.0924845714285716,3.0,2.015721217201924,41719.77700348432,594.4475,4459.620931095237,1290.8327272727274,13633806.024909548,21335.933077422465,9096.00307558633,16654.521598808125,17535.34996033459,45.50465199691799,40.63234797063968,14843.0,57527.0,72370.0,33385.0,52800.0,8.2,66.2,60.7,6024092.663194955,1344.0,370899.0089,1240.0,923.0,3.0,1.0
2014-09-01,1.1004650454545455,3.0,2.0867312218705107,42054.261324041814,583.4250000000001,4553.286667619048,1238.2542857142855,13651110.655835487,20093.71510317644,7098.896113435702,13233.790845330643,14762.115203222975,45.632366376627076,40.65019712482342,14843.0,57527.0,72370.0,33385.0,52800.0,8.0,66.0,60.8,6027671.533716256,1376.0,395505.1235,1408.0,927.0,3.0,1.0
2014-10-01,1.1216303043478262,3.0,2.0,42154.12195121951,562.9979999999999,4400.012206956522,1219.8304347826086,13661314.0,19244.0,5913.0,11332.0,13518.0,45.7584134613552,40.66546636422976,14843.0,57527.0,72370.0,33385.0,52800.0,7.8,66.5,61.4,6031476.513573042,1455.0,390429.4784,1491.0,2165.0,3.0,1.0
2014-11-01,1.13343115,3.0,1.715532473002356,42132.898954703836,560.3475000000001,4681.584729736842,1170.5342857142857,13663855.898853488,18729.560924593447,5756.7544231298625,11177.034667014334,13913.02069664798,45.89119639008422,40.67917363815243,14843.0,57527.0,72370.0,33385.0,52800.0,8.0,66.3,61.1,6035761.268089096,1199.0,394225.0183,1914.0,1199.0,3.0,1.0
2014-12-01,1.1528440476190476,3.0,1.2966044710523794,42163.649245063876,552.566,4735.225896681818,1194.9533333333334,13659914.90029821,18687.862857016655,6450.185456021042,12654.550936580048,15780.490168549868,46.022148522251015,40.69043460633838,14843.0,57527.0,72370.0,33385.0,52800.0,7.7,65.5,60.4,6040249.361489192,924.0,387611.5866,2119.0,1830.0,3.0,1.0
2015-01-01,1.2085780476190475,2.9625,1.0,41960.13008130081,545.015,4684.040991150001,1244.598095238095,13657737.0,19777.0,6835.0,15075.0,18350.0,46.16,40.7,15650.0,58866.0,74516.0,35139.0,52400.0,7.2,65.7,60.9,6045240.0,809.0,382458.4944,2698.0,11080.0,2.85,0.75
2015-02-01,1.2510202500000003,2.85,0.8890990676572874,41982.24738675958,540.3774999999999,4838.567331421053,1226.4861904761904,13658894.656638715,22126.44097804143,6683.0365482053785,18273.189113661654,21421.488997773744,46.300427297742715,40.70746050369287,15650.0,58866.0,74516.0,35139.0,52400.0,7.3,66.1,61.3,6050589.366442567,1153.0,369655.2567,1391.0,4525.0,2.85,0.75
2015-03-01,1.2606573181818181,2.85,0.9300518373352158,41938.903600464575,530.7375,4938.523703772727,1175.0080952380954,13662763.39527119,25101.3311437349,6247.514532594039,21609.31439358372,24385.797812832145,46.4294788292261,40.71238982532789,15650.0,58866.0,74516.0,35139.0,52400.0,7.0,66.2,61.6,6055729.386571374,1506.0,398336.5445,3353.0,3699.0,2.85,0.75
2015-04-01,1.2352515000000004,2.85,1.0,41890.67131242741,537.35,4983.900413761904,1195.5257894736842,13669860.0,27699.0,6596.0,24225.0,26160.0,46.5748084940537,40.715844248112525,15650.0,58866.0,74516.0,35139.0,52400.0,7.0,66.2,61.5,6061761.493271165,1706.0,407612.2145,2040.0,2035.0,2.85,0.75
2015-05-01,1.2170682499999999,2.85,1.0718252404442876,41831.765389082466,547.905,5027.36198725,1193.2649999999999,13679493.982704844,29261.25956611729,7945.050686690253,25432.974543567492,26101.02273320955,46.717902628896525,40.71718310229393,15650.0,58866.0,74516.0,35139.0,52400.0,6.9,66.9,62.2,6067940.5726555195,1762.0,422947.0346,3623.0,3428.0,2.85,0.75
2015-06-01,1.2355492272727275,2.85,1.1467870862387106,42019.80255516841,530.0350000000001,5077.715931272727,1178.388095238095,13692266.273131376,29906.616526491638,10049.771529170179,25254.343863526763,24304.496779773974,46.86830084274409,40.71649564481751,15650.0,58866.0,74516.0,35139.0,52400.0,6.7,67.0,62.5,6074678.563350063,1906.0,418598.7408,1658.0,3843.0,2.85,0.75
2015-07-01,1.2845778695652175,2.79,1.2,42090.41463414634,508.948,5085.609974227273,1127.3891304347824,13707118.0,29675.0,10872.0,23363.0,21452.0,47.01630002502556,40.71382622777852,15650.0,58866.0,74516.0,35139.0,52400.0,6.5,67.5,63.1,6081540.756277727,1730.0,394503.6272,1154.0,2459.0,2.7,0.5
2015-08-01,1.314006523809524,2.7,1.231482687519922,42307.74332171893,485.93000000000006,4940.153785428572,1113.267142857143,13724997.942667296,28565.324931539984,10131.71955462773,19573.427565088165,17452.928527001917,47.16923754911792,40.71019016461761,15650.0,58866.0,74516.0,35139.0,52400.0,7.2,68.0,63.1,6088828.769713273,1475.0,406587.0217,4771.0,1487.0,2.7,0.5
2015-09-01,1.3262359545454545,2.7,1.2483096506929725,42165.35540069686,487.764,4754.878580714286,1120.3242857142857,13744241.432385715,26899.6541278249,8123.335669445902,14531.706965165638,12862.86170013506,47.319171454952325,40.707081545723405,15650.0,58866.0,74516.0,35139.0,52400.0,7.1,67.4,62.6,6096131.685005444,1444.0,418602.8636,4314.0,3348.0,2.7,0.5
2015-10-01,1.3071615454545453,2.7,1.3,42124.98722415796,492.9,4864.034512681818,1152.2504545454549,13757688.0,26515.0,6832.0,11738.0,10412.0,47.46140271228946,40.70457833954389,15650.0,58866.0,74516.0,35139.0,52400.0,7.0,67.3,62.6,6103212.827252727,1587.0,406792.3296,2926.0,1039.0,2.7,0.5
2015-11-01,1.3272614761904762,2.7,1.3981152072620322,42215.380952380954,472.10999999999996,5077.85903325,1085.3052380952379,13765169.606268566,27674.536402995494,6477.375032690574,11544.935057887978,10356.835762368515,47.605413404951854,40.70251366566713,15650.0,58866.0,74516.0,35139.0,52400.0,7.2,67.4,62.5,6110544.2726049395,1351.0,415315.8986,3811.0,1454.0,2.7,0.5
2015-12-01,1.3700888181818185,2.7,1.5231565749044655,42236.55168408827,460.52,5047.629083863636,1064.7233333333334,13767561.455457257,30019.757224614532,6904.846561450424,13698.026689313798,12428.445161484626,47.74191252050962,40.701020728859326,15650.0,58866.0,74516.0,35139.0,52400.0,7.1,67.6,62.8,6117653.024587745,1038.0,400087.789,826.0,3429.0,2.7,0.5
2016-01-01,1.42239985,2.7,1.6,42432.022067363534,456.7375,4624.008943315789,1090.8615789473683,13773629.0,31909.0,7018.0,16649.0,15038.0,47.88,40.7,16227.0,60903.0,77130.0,36535.0,52000.0,7.1,67.6,62.7,6125013.0,897.0,416103.8907,1679.0,3077.0,2.7,0.5
2016-02-01,1.3807499047619045,2.7,1.6097882617245192,42362.55516840883,475.025,4462.5584961,1190.0857142857144,13784777.615846075,32957.37441986323,6610.783557357367,20057.627494011176,17837.951983853156,48.01507732197671,40.69950980057576,16227.0,60903.0,77130.0,36535.0,52000.0,7.4,66.9,61.9,6132387.474295226,1439.0,435579.1946,2856.0,1675.0,2.7,0.5
2016-03-01,1.324320714285714,2.7,1.5645113598335822,42195.06968641115,490.196,4739.349054636364,1240.9284999999998,13799375.798602842,33141.24588783999,5924.958119801993,23475.107795606342,20436.76215827837,48.138714861435815,40.69953151891721,16227.0,60903.0,77130.0,36535.0,52000.0,7.2,66.8,62.0,6139299.3019951135,1808.0,416250.7948,3730.0,2280.0,2.7,0.5
2016-04-01,1.2839679999999998,2.7,1.5,42282.306620209056,494.885,4891.967633857143,1236.149,13816545.0,32247.0,5981.0,26128.0,21899.0,48.2679660720958,40.70006815065767,16227.0,60903.0,77130.0,36535.0,52000.0,7.6,67.5,62.4,6146701.838644479,1997.0,436544.8097,2131.0,752.0,2.7,0.5
2016-05-01,1.293196409090909,2.7,1.4283138581228547,41923.32288037166,502.585,4780.335635190477,1255.7009090909094,13834245.978871338,30270.931705180315,6986.481929366125,27516.021286171075,21816.647329273354,48.39018181797384,40.70109260638267,16227.0,60903.0,77130.0,36535.0,52000.0,6.7,66.7,62.2,6153879.3886567885,2137.0,442520.4792,2462.0,2807.0,2.7,0.5
2016-06-01,1.2893701818181817,2.7,1.349956848069679,42235.41579558653,503.48,4853.030007136363,1271.0733333333333,13853874.996496709,27301.111503376316,8706.661186108817,27593.011837694437,20276.70273897271,48.5135098154618,40.70267318314056,16227.0,60903.0,77130.0,36535.0,52000.0,5.5,66.1,62.4,6161310.455366194,2182.0,448001.901,3692.0,1117.0,2.7,0.5
2016-07-01,1.3035813809523809,2.7,1.3,42466.35772357724,525.6424999999999,5015.59956045,1334.1614285714284,13875394.0,24778.0,9316.0,25566.0,17904.0,48.62999341956048,40.70470790823728,16227.0,60903.0,77130.0,36535.0,52000.0,6.8,66.5,62.0,6168515.615114028,1882.0,427074.3576,2801.0,2604.0,2.7,0.5
2016-08-01,1.298470913043478,2.7,1.2803958473685153,42675.59349593496,510.18199999999996,5215.641283086958,1336.092608695652,13900453.785636526,22753.198147809653,8553.346108216461,21161.15708173828,14632.847700679773,48.7607613558165,40.706578425493134,16227.0,60903.0,77130.0,36535.0,52000.0,7.3,66.5,61.6,6176091.4091402,1964.0,446612.1197,2600.0,2222.0,2.7,0.5
2016-09-01,1.3090566363636364,2.7,1.3009756827495718,42915.60743321719,501.3825,5248.722377190476,1321.8909523809523,13926966.2246936,21396.65374636386,6691.735526822601,15136.700754510217,10969.352452599243,48.917042039977645,40.70737009142642,16227.0,60903.0,77130.0,36535.0,52000.0,7.3,66.5,61.6,6183929.718638423,1787.0,446293.8786,1920.0,3522.0,2.7,0.5
2016-10-01,1.3236258571428572,2.7,1.4,42816.619047619046,496.235,5266.222353904762,1264.3119047619048,13946431.0,21128.0,5534.0,11659.0,9405.0,49.09258708313496,40.70710821191189,16227.0,60903.0,77130.0,36535.0,52000.0,6.9,65.9,61.3,6191765.252066259,1895.0,459198.9166,3056.0,3258.0,2.7,0.5
2016-11-01,1.3444885909090905,2.7,1.5907863014018035,43007.21718931475,506.16400000000004,5256.837169714286,1236.9227272727273,13958900.251848571,21996.38397378855,5280.842675925489,11136.51221441412,10222.6132442762,49.2990994881656,40.70577532831524,16227.0,60903.0,77130.0,36535.0,52000.0,6.8,65.7,61.2,6200120.378318898,1718.0,471255.8475,1155.0,2323.0,2.7,0.5
2016-12-01,1.3346702380952382,2.7,1.8260705714726293,43060.529616724736,495.57,5415.37944104762,1151.3215000000005,13964742.886780107,23751.38870439878,5774.7659494620575,13288.868068721564,13048.713977550693,49.52325587409986,40.70345743312659,16227.0,60903.0,77130.0,36535.0,52000.0,7.1,65.8,61.2,6208456.056992945,1238.0,466591.6502,2703.0,2103.0,2.7,0.5
2017-01-01,1.3220535909090911,2.7,1.9,43254.84785133565,498.96750000000003,5554.2605224,1189.9555000000003,13971785.0,25278.0,5947.0,16269.0,16039.0,49.78,40.7,17029.0,61262.0,78291.0,37636.0,53400.0,7.2,66.4,61.6,6217328.0,1125.0,471409.2907,3745.0,3505.0,2.7,0.5
2017-02-01,1.3100417,2.7,1.7652455124626305,43391.498257839725,531.1850000000001,5753.894711105262,1229.7995000000003,13981080.671608549,26308.849616264368,5592.96787403779,19687.68881892256,18763.56215313375,50.062271721751856,40.69546287776804,17029.0,61262.0,78291.0,37636.0,53400.0,6.9,66.5,61.9,6226462.587587167,1632.0,515424.0901,2162.0,2782.0,2.7,0.5
2017-03-01,1.3389454782608694,2.7,1.4997593883155005,43548.30894308943,520.612,5861.014754565216,1228.5317391304345,13991548.04515432,26847.008762267316,4952.956713215893,22913.138580465322,20849.144781233223,50.339168338457505,40.690436816063176,17029.0,61262.0,78291.0,37636.0,53400.0,7.0,66.5,61.9,6234938.931446518,2324.0,550299.4484,2573.0,1743.0,2.7,0.5
2017-04-01,1.3435751666666667,2.7,1.3,43740.86178861788,524.595,5913.897383894736,1267.1920000000002,14006386.0,27244.0,4830.0,24933.0,21697.0,50.67002483941101,40.68384480166293,17029.0,61262.0,78291.0,37636.0,53400.0,6.3,66.1,61.9,6244573.390976481,2148.0,578279.6443,2230.0,2299.0,2.7,0.5
2017-05-01,1.3603498636363638,2.7,1.2403389045792723,43968.93612078978,520.938,6120.867720272727,1243.7817391304347,14024144.93685628,27466.011281667936,5443.286880708714,25070.547825237234,20892.776549006077,51.014514221399644,40.676437425051425,17029.0,61262.0,78291.0,37636.0,53400.0,7.0,66.8,62.1,6254147.134112453,2038.0,564807.5358,1513.0,1296.0,2.7,0.5
2017-06-01,1.3306031363636366,2.7,1.3023568323023909,44096.0,521.2075,6229.750909954545,1259.1945454545455,14045959.351181703,27600.31500637758,6612.218871540245,23500.067727340553,18608.78573684789,51.39560244322266,40.66772086112125,17029.0,61262.0,78291.0,37636.0,53400.0,6.5,66.0,61.7,6264298.410396835,1702.0,552679.1163,2552.0,1875.0,2.7,0.5
2017-07-01,1.272122380952381,2.825,1.4,44051.89547038328,522.27,6291.7249756500005,1233.2599999999998,14070141.0,28050.0,7003.0,21261.0,16276.0,51.78870316798824,40.65825746883563,17029.0,61262.0,78291.0,37636.0,53400.0,6.8,66.1,61.6,6274372.298779016,1345.0,532501.9822,2597.0,743.0,2.95,0.75
2017-08-01,1.2610924347826085,2.95,1.5253360887957284,44092.50290360046,546.9440000000001,6310.580863652172,1279.465652173913,14098252.559567187,28917.51690910528,6420.198065469586,18369.18927754059,13964.82649466857,52.19382371288641,40.64798868568831,17029.0,61262.0,78291.0,37636.0,53400.0,5.7,66.0,62.3,6284942.157937993,1476.0,540168.769,3986.0,2701.0,2.95,0.75
2017-09-01,1.2286915238095244,3.1375,1.6701282631715875,44262.274099883856,562.0925,6427.712499950001,1314.2857142857142,14128080.53590116,30141.840674765528,5073.748922279178,15183.640064209156,11898.388451222692,52.56667662937244,40.637902759965954,17029.0,61262.0,78291.0,37636.0,53400.0,5.8,66.3,62.4,6295557.960165124,1362.0,554068.9743,2026.0,2627.0,3.2,1.0
2017-10-01,1.2591053181818184,3.2,1.8,44216.80603948897,558.785,6599.9527254545455,1278.3136363636365,14150783.0,31385.0,4322.0,13392.0,10900.0,52.896714457085515,40.6283177002194,17029.0,61262.0,78291.0,37636.0,53400.0,6.1,66.6,62.6,6305874.819256439,1485.0,555004.0182,1556.0,2489.0,3.2,1.0
2017-11-01,1.276007272727273,3.2,1.9188785363712633,44436.44599303136,561.078,6790.117141047619,1279.655909090909,14166591.433069017,32683.60695845899,4325.01266325172,13133.089573640296,11029.431202484699,53.205939717873235,40.618594502465555,17029.0,61262.0,78291.0,37636.0,53400.0,6.0,66.7,62.7,6316580.525818022,1606.0,555395.6843,4117.0,1759.0,3.2,1.0
2017-12-01,1.2765011578947367,3.2,2.0183150503917595,44552.4181184669,550.13,6895.8959961,1262.8314999999998,14175744.616653861,33951.80639492518,4981.125098858929,14341.99125360697,12286.098050453194,53.47440239491056,40.609360469785315,17029.0,61262.0,78291.0,37636.0,53400.0,6.3,67.2,63.0,6326984.389103966,1125.0,532700.2853,1667.0,1941.0,3.2,1.0
2018-01-01,1.2432907272727274,3.3,2.1,44460.52264808362,575.3120000000001,7266.519554380952,1327.9595454545454,14186830.0,35261.0,5691.0,16582.0,14803.0,53.72,40.6,17525.0,61737.0,79262.0,38753.0,55600.0,5.7,66.2,62.4,6337780.0,899.0,543278.6463,3361.0,2546.0,3.45,1.25
2018-02-01,1.2574698500000001,3.45,2.1594550748292454,44757.32520325203,576.915,7167.508403631579,1331.0155,14200891.109031964,36566.715158666295,6326.721229122174,19743.33708023956,18566.37787832493,53.933262239078786,40.590823867379015,17525.0,61737.0,79262.0,38753.0,55600.0,5.6,66.0,62.3,6348621.299984036,1142.0,570275.0517,5322.0,2841.0,3.45,1.25
2018-03-01,1.292402476190476,3.45,2.2026447327710215,44898.11382113821,567.0375,7325.144810238095,1323.7086363636365,14216126.830744915,37620.52766753927,6827.720786598394,23089.2862721668,22585.05292731027,54.09809326009404,40.58269418931734,17525.0,61737.0,79262.0,38753.0,55600.0,5.8,65.9,62.0,6358452.712650873,1573.0,590184.0477,2624.0,2524.0,3.45,1.25
2018-04-01,1.2726235999999997,3.45,2.3,44886.440185830426,582.07,7101.215308761904,1332.6585714285716,14235643.0,37776.0,7234.0,25192.0,24504.0,54.249813996120395,40.5738688919446,17525.0,61737.0,79262.0,38753.0,55600.0,6.1,65.7,61.7,6369380.969286264,1574.0,601210.9187,2599.0,2023.0,3.45,1.25
2018-05-01,1.2866197727272726,3.45,2.4533014906371355,45149.351916376305,584.758,7319.59816668182,1301.403043478261,14257154.37096483,36778.89732236623,7468.2101425326455,25290.454811574997,23328.795203790432,54.365852939517694,40.56550379511704,17525.0,61737.0,79262.0,38753.0,55600.0,6.4,66.0,61.7,6380000.203611375,1742.0,603081.8817,1446.0,3201.0,3.45,1.25
2018-06-01,1.312512238095238,3.45,2.644425057993641,45271.03135888502,586.6899999999999,7644.26762447619,1279.7471428571428,14282076.592898704,34790.02489757996,7504.158789213676,23594.669899105855,19504.542826382552,54.453946019845745,40.55704122571284,17525.0,61737.0,79262.0,38753.0,55600.0,6.4,66.2,62.0,6391018.364581218,1593.0,605529.6855,5378.0,1566.0,3.45,1.25
2018-07-01,1.314115590909091,3.6375,2.7,45345.52264808362,560.5325,7751.303362238094,1236.0590909090909,14308697.0,33229.0,7102.0,21370.0,16252.0,54.50840981256728,40.54902715595159,17525.0,61737.0,79262.0,38753.0,55600.0,5.6,65.8,62.1,6401724.60310096,1415.0,582547.3986,2922.0,1906.0,3.7,1.5
2018-08-01,1.3042923478260868,3.7,2.5953870667253733,45532.41695702671,546.154,7876.031759608698,1198.7891304347825,14338771.84393711,32219.033077905282,6193.116754459206,18671.589325759454,13877.781810332219,54.53287523719705,40.54083192613044,17525.0,61737.0,79262.0,38753.0,55600.0,6.3,65.2,61.1,6412687.508557426,1388.0,585355.5893,2464.0,2083.0,3.7,1.5
2018-09-01,1.3046997,3.7,2.3492284471544274,45613.898954703836,539.5674999999999,7986.83472963158,1196.0405263157895,14370017.756325684,31719.027959903775,4957.329968506761,15763.767592926579,12461.19479201996,54.52500529581619,40.532610609051886,17525.0,61737.0,79262.0,38753.0,55600.0,6.4,65.4,61.2,6423375.884063837,1282.0,615581.6841,3166.0,3441.0,3.7,1.5
2018-10-01,1.3005478260869565,3.75,2.1,45698.486643437864,543.662,7565.364788565218,1211.646956521739,14393683.0,31170.0,4383.0,13802.0,11760.0,54.48660164817428,40.524629422388195,17525.0,61737.0,79262.0,38753.0,55600.0,6.3,65.9,61.7,6433457.726844356,1519.0,603153.2923,4422.0,2360.0,3.95,1.75
2018-11-01,1.3195089545454544,3.95,1.8514341301716826,45583.260162601626,535.22,7227.928548238095,1218.1245454545456,14410081.298467156,30444.804969048324,4585.209805569869,12828.404546603335,11687.647498668048,54.41510405109514,40.51635628702843,17525.0,61737.0,79262.0,38753.0,55600.0,6.1,65.9,61.8,6443605.159751022,1370.0,595677.4423,3988.0,2860.0,3.95,1.75
2018-12-01,1.341990894736842,3.95,1.6420097279580994,45496.43321718932,536.76,6858.9226202105265,1248.207142857143,14419246.795295969,29867.832183318726,5383.599974976051,12952.013779182967,12346.53732368897,54.31512525277744,40.50832495364098,17525.0,61737.0,79262.0,38753.0,55600.0,5.9,65.7,61.8,6453163.50969308,848.0,594381.5271,2766.0,2539.0,3.95,1.75
2019-01-01,1.3311048181818181,3.95,1.6,45429.81533101045,539.5020000000001,6948.260463190477,1288.7273913043477,14428712.0,31160.0,5771.0,14474.0,14400.0,54.18,40.5,18319.0,62333.0,80652.0,38777.0,55600.0,6.5,66.3,62.0,6462770.0,840.0,591443.8988,3010.0,1681.0,3.95,1.75
2019-02-01,1.32099855,3.95,1.7588153356093705,45370.24274099884,554.0224999999999,7415.218390263158,1316.8940000000002,14439318.302405529,34663.05629495032,5537.898041611186,17461.643129970264,17951.219776109407,54.18,40.491648712478394,18319.0,62333.0,80652.0,38777.0,55600.0,6.5,66.8,62.4,6472101.585051311,1064.0,612488.5451,1889.0,1100.0,3.95,1.75
2019-03-01,1.3363739523809524,3.95,2.034619312060264,45727.23344947735,564.4275,7629.43287295238,1299.597142857143,14450315.020422649,39349.12915226645,4937.659838216211,21118.514368040574,22043.488415764346,54.18,40.48408297953966,18319.0,62333.0,80652.0,38777.0,55600.0,6.6,66.8,62.4,6480293.826553296,1349.0,603969.0778,2679.0,2094.0,3.95,1.75
2019-04-01,1.3378617499999998,3.95,2.2,45997.53890824623,566.98,7986.208589047619,1283.6481818181817,14467162.0,43530.0,4864.0,24083.0,24688.0,54.18,40.47568157269687,18319.0,62333.0,80652.0,38777.0,55600.0,6.5,66.9,62.6,6489102.204827806,1608.0,637180.4179,3896.0,2796.0,3.95,1.75
2019-05-01,1.346318772727273,3.95,2.1754025596265403,46137.71544715447,555.85,7797.425914454547,1280.5895652173913,14488623.140865833,46149.12888225858,5543.04611596336,25533.186308803015,24913.93657506124,54.18,40.46752610561618,18319.0,62333.0,80652.0,38777.0,55600.0,5.4,66.4,62.8,6497364.695448422,1739.0,642890.7171,1535.0,1659.0,3.95,1.75
2019-06-01,1.3292777000000002,3.95,1.9980283206064837,46259.679442508714,561.3,7827.176513650001,1355.933,14515759.274308374,47241.343286168805,6788.344762164431,25530.404248428025,22982.295718046913,54.18,40.45907288049219,18319.0,62333.0,80652.0,38777.0,55600.0,5.7,66.3,62.6,6505632.131123185,1497.0,636606.483,2872.0,1130.0,3.95,1.75
2019-07-01,1.3097479565217391,3.95,1.9,46089.06039488966,579.5519999999999,8203.717218545453,1412.1243478260872,14544718.0,45942.0,7203.0,23874.0,20415.0,54.18,40.45086726668774,18319.0,62333.0,80652.0,38777.0,55600.0,5.9,66.9,63.0,6513371.128905339,1617.0,627926.9363,2995.0,4212.0,3.95,1.75
2019-08-01,1.3273032727272727,3.95,1.913623535458155,46178.5412311266,594.75,7922.241366272726,1496.4250000000002,14577059.988217335,42024.695032983625,6582.932346986356,20418.198480348612,17286.83151181213,54.18,40.44236222328253,18319.0,62333.0,80652.0,38777.0,55600.0,5.9,66.9,63.0,6521097.621980359,1410.0,619306.5482,3511.0,1737.0,3.95,1.75
2019-09-01,1.324784619047619,3.95,2.0220941735168916,46270.18350754936,604.83,8093.0960204,1507.7152380952382,14610650.16959174,36229.18774596169,5162.6896846046575,15760.56465114326,14043.139908907899,54.18,40.43383084599669,18319.0,62333.0,80652.0,38777.0,55600.0,5.5,67.0,63.3,6528549.209799768,1450.0,636817.5055,4015.0,1273.0,3.95,1.75
2019-10-01,1.3193347826086954,3.95,2.1,46284.379790940766,598.248,8077.648692304347,1491.009130434783,14637880.0,32781.0,4446.0,13161.0,12759.0,54.18,40.425549601067885,18319.0,62333.0,80652.0,38777.0,55600.0,5.6,66.4,62.7,6535498.677399323,1575.0,662631.1187,3408.0,801.0,3.95,1.75
2019-11-01,1.3238969047619047,3.95,2.133237216309884,46258.96399535424,594.3225,8506.511035300002,1469.702380952381,14659501.836964583,32099.46137085097,4618.485428698623,12948.007050181412,13671.857522190894,54.18,40.41696640550084,18319.0,62333.0,80652.0,38777.0,55600.0,5.8,66.8,62.9,6542409.322618989,1368.0,659855.318,2586.0,2113.0,3.95,1.75
2019-12-01,1.3173511499999997,3.95,2.0921885435548595,46282.72706155633,589.0300000000001,8772.967587523812,1478.2886363636362,14674797.397862537,33482.067282613745,5409.60512314779,14838.46955066865,16406.448860257784,54.18,40.40863501384827,18319.0,62333.0,80652.0,38777.0,55600.0,5.5,66.7,63.0,6548835.29738008,884.0,656232.5351,1898.0,2478.0,3.95,1.75
2020-01-01,1.3083899090909092,3.95,1.8,46260.49361207898,596.8700000000001,9225.229538809526,1554.6445454545456,14689075.0,32290.0,5228.0,17077.0,19140.0,54.18,40.4,19184.0,63127.0,82311.0,41721.0,55600.0,5.2,67.1,63.6,6555205.0,918.0,679182.1623,2855.0,3187.0,3.95,1.75
2020-02-01,1.3283174500000006,3.95,1.2250911629018215,46465.307781649244,587.35,9419.153114631577,1594.5625,14702510.438482884,27650.2068742357,3758.4665174948777,19293.474246918297,21447.572031791082,54.18,40.4,19184.0,63127.0,82311.0,41721.0,55600.0,5.5,66.6,62.9,6555205.0,1335.0,722674.6517,3116.0,2623.0,3.95,1.75
2020-03-01,1.3940388636363634,3.325,0.501479142427518,43341.52613240418,574.36,7748.3953523636355,1589.7304545454544,14714050.05829904,20930.11099343681,1502.5926602734764,21186.95108368101,23086.19222626896,54.18,40.4,19184.0,63127.0,82311.0,41721.0,55600.0,7.4,63.5,58.8,6555205.0,1402.0,712745.8474,2142.0,2131.0,2.45,0.25
2020-04-01,1.4074347,2.45,0.0,38495.18118466899,567.884,8282.73770004762,1675.720454545455,14723497.0,16178.0,60.0,21945.0,23380.0,54.18,40.4,19184.0,63127.0,82311.0,41721.0,55600.0,11.1,59.8,53.2,6555205.0,482.0,612300.5021,5352.0,2640.0,2.45,0.25
2020-05-01,1.3960658000000001,2.45,-0.14386967487444896,40159.082462253195,569.8375,9092.6210937,1713.6833333333332,14729516.88742823,14751.370841521504,-83.27177713044046,21264.69382653794,22088.634763110713,54.18,40.4,19184.0,63127.0,82311.0,41721.0,55600.0,15.4,61.0,51.6,6555205.0,727.0,674028.0977,2105.0,2586.0,2.45,0.25
2020-06-01,1.3554047727272729,2.45,0.013943476480576636,42577.70731707317,580.55,9828.108798,1730.815909090909,14732711.543273285,16062.968064066325,858.1067027576521,19302.073497538106,19392.3085008682,54.18,40.4,19184.0,63127.0,82311.0,41721.0,55600.0,14.2,64.1,55.0,6555205.0,1287.0,672465.0528,3623.0,2208.0,2.45,0.25
2020-07-01,1.3506011304347825,2.45,0.2,43500.1800232288,607.26,10491.728116090911,1836.408260869565,14734014.0,17232.0,1658.0,17328.0,16978.0,54.18,40.4,19184.0,63127.0,82311.0,41721.0,55600.0,14.6,65.7,56.1,6555205.0,1689.0,682999.5867,3929.0,3164.0,2.45,0.25
2020-08-01,1.3234563333333333,2.45,0.3803683342531513,43904.52148664344,641.655,11188.406808000002,1966.6176190476192,14733711.584917834,17844.25526834834,2164.6151600969515,15412.2631132285,14951.058361507949,54.18,40.4,19184.0,63127.0,82311.0,41721.0,55600.0,13.0,66.9,58.2,6555205.0,1536.0,673173.9453,6618.0,2689.0,2.45,0.25
2020-09-01,1.321740909090909,2.45,0.54865167588692,44363.54587688734,642.286,11119.767624666667,1922.1013636363632,14732372.794690708,17850.999836294162,2346.0441346641437,13622.700353710145,13399.63010611616,54.18,40.4,19184.0,63127.0,82311.0,41721.0,55600.0,11.0,67.5,60.1,6555205.0,1549.0,686191.4216,3490.0,3922.0,2.45,0.25
2020-10-01,1.3213382727272727,2.45,0.7,44628.0081300813,644.0925,11455.091752545455,1897.330909090909,14733506.0,17281.0,2212.0,12011.0,12351.0,54.18,40.4,19184.0,63127.0,82311.0,41721.0,55600.0,10.7,68.0,60.7,6555205.0,1438.0,668160.6273,3550.0,2872.0,2.45,0.25
2020-11-01,1.307030142857143,2.45,0.7,45052.95818815331,652.8825,11786.198535150002,1866.6552380952382,14737748.310061969,17281.0,2212.0,12011.0,12351.0,54.18,40.4,19184.0,63127.0,82311.0,41721.0,55600.0,10.4,67.7,60.7,6555205.0,1375.0,640207.7862,3272.0,2295.0,2.45,0.25
2020-12-01,1.281517090909091,2.45,0.7,45143.29965156795,669.8059999999999,12605.309526045456,1852.8952173913044,14744826.027453274,17281.0,2212.0,12011.0,12351.0,54.18,40.4,19184.0,63127.0,82311.0,41721.0,55600.0,10.8,67.0,59.7,6555205.0,1551.0,625828.1154,2876.0,1903.0,2.45,0.25
