Date,Area_Code,Total_Condo_Sold_Number,Avg_Price,New_Units_Number_construction_complete
2021-05-01,E02,NA,1076033.592,NA
2021-05-01,W09,NA,726355.6442,NA
2021-05-01,W08,NA,748659.0387,NA
2021-05-01,W07,NA,728229.2758,NA
2021-05-01,W06,NA,739560.1161,NA
2021-05-01,E06,NA,1082308.246,NA
2021-05-01,W05,NA,532285.9198,NA
2021-05-01,W03,NA,510309.6485,NA
2021-05-01,W01,NA,740182.2162,NA
2021-05-01,E11,NA,512472.7602,NA
2021-05-01,E10,NA,376712.8401,NA
2021-05-01,E09,NA,608944.4693,NA
2021-05-01,E08,NA,495609.4592,NA
2021-05-01,W04,NA,512840.3549,NA
2021-05-01,C01,NA,813517.5515,NA
2021-05-01,E03,NA,690548.0867,NA
2021-05-01,W10,NA,459880.3949,NA
2021-05-01,C02,NA,639325.1962,NA
2021-05-01,All,NA,755261.5222,NA
2021-05-01,W02,NA,773274.9487,NA
2021-05-01,E01,NA,856826.1357,NA
2021-05-01,C15,NA,753025.103,NA
2021-05-01,C14,NA,690916.933,NA
2021-05-01,C13,NA,666992.9892,NA
2021-05-01,C12,NA,1546435.373,NA
2021-05-01,C03,NA,1097910.702,NA
2021-05-01,C10,NA,934427.885,NA
2021-05-01,E07,NA,554976.6615,NA
2021-05-01,C08,NA,720436.6453,NA
2021-05-01,C07,NA,770307.639,NA
2021-05-01,C06,NA,523480.8751,NA
2021-05-01,C04,NA,1228116.347,NA
2021-05-01,E04,NA,535179.6523,NA
2021-05-01,C11,NA,680127.6811,NA
2021-05-01,E05,NA,530027.0575,NA
2021-05-01,C09,NA,2949293.238,NA
2021-06-01,E02,NA,751230.9069,NA
2021-06-01,W09,NA,825533.8661,NA
2021-06-01,W08,NA,702561.4934,NA
2021-06-01,W07,NA,1299490.855,NA
2021-06-01,W06,NA,769130.4441,NA
2021-06-01,E06,NA,797792.5899,NA
2021-06-01,W05,NA,466272.1459,NA
2021-06-01,W03,NA,196514.1018,NA
2021-06-01,W01,NA,688324.0803,NA
2021-06-01,E11,NA,516356.0835,NA
2021-06-01,E10,NA,271354.3848,NA
2021-06-01,E09,NA,651514.4989,NA
2021-06-01,E08,NA,437025.1682,NA
2021-06-01,W04,NA,453773.9729,NA
2021-06-01,C01,NA,744609.65,NA
2021-06-01,E03,NA,753106.5596,NA
2021-06-01,W10,NA,509353.1055,NA
2021-06-01,C02,NA,1004092.949,NA
2021-06-01,All,NA,751870.821,NA
2021-06-01,W02,NA,572603.7766,NA
2021-06-01,E01,NA,630437.281,NA
2021-06-01,C15,NA,841765.162,NA
2021-06-01,C14,NA,692355.6555,NA
2021-06-01,C13,NA,706513.4486,NA
2021-06-01,C12,NA,725963.5202,NA
2021-06-01,C03,NA,742294.958,NA
2021-06-01,C10,NA,902429.5073,NA
2021-06-01,E07,NA,534895.0348,NA
2021-06-01,C08,NA,742943.9744,NA
2021-06-01,C07,NA,752252.2705,NA
2021-06-01,C06,NA,581748.0766,NA
2021-06-01,C04,NA,928835.5739,NA
2021-06-01,E04,NA,505649.861,NA
2021-06-01,C11,NA,642985.4409,NA
2021-06-01,E05,NA,503144.5611,NA
2021-06-01,C09,NA,1538678.472,NA
2021-07-01,E02,NA,567529.4733,NA
2021-07-01,W09,NA,457835.5615,NA
2021-07-01,W08,NA,603166.5818,NA
2021-07-01,W07,NA,506592.0965,NA
2021-07-01,W06,NA,727061.605,NA
2021-07-01,E06,NA,555730.1701,NA
2021-07-01,W05,NA,490458.2294,NA
2021-07-01,W03,NA,585803.3382,NA
2021-07-01,W01,NA,852193.7566,NA
2021-07-01,E11,NA,514162.4439,NA
2021-07-01,E10,NA,217004.7528,NA
2021-07-01,E09,NA,580096.4611,NA
2021-07-01,E08,NA,442579.2553,NA
2021-07-01,W04,NA,490917.2118,NA
2021-07-01,C01,NA,708798.3133,NA
2021-07-01,E03,NA,550441.5819,NA
2021-07-01,W10,NA,485807.4624,NA
2021-07-01,C02,NA,1520373.302,NA
2021-07-01,All,NA,712727.0407,NA
2021-07-01,W02,NA,489296.4026,NA
2021-07-01,E01,NA,772758.2838,NA
2021-07-01,C15,NA,719308.8299,NA
2021-07-01,C14,NA,703237.4008,NA
2021-07-01,C13,NA,728902.9209,NA
2021-07-01,C12,NA,1596782.729,NA
2021-07-01,C03,NA,34563.52586,NA
2021-07-01,C10,NA,892633.8738,NA
2021-07-01,E07,NA,525935.391,NA
2021-07-01,C08,NA,739609.0955,NA
2021-07-01,C07,NA,656662.7287,NA
2021-07-01,C06,NA,726768.7992,NA
2021-07-01,C04,NA,734795.8525,NA
2021-07-01,E04,NA,523698.1316,NA
2021-07-01,C11,NA,516835.6227,NA
2021-07-01,E05,NA,487394.5128,NA
2021-07-01,C09,NA,704720.4726,NA
2021-08-01,E02,NA,575452.9723,NA
2021-08-01,W09,NA,427927.8028,NA
2021-08-01,W08,NA,585678.2913,NA
2021-08-01,W07,NA,488267.7831,NA
2021-08-01,W06,NA,676167.9696,NA
2021-08-01,E06,NA,439339.9015,NA
2021-08-01,W05,NA,555207.3388,NA
2021-08-01,W03,NA,476405.1404,NA
2021-08-01,W01,NA,823806.9513,NA
2021-08-01,E11,NA,479088.7201,NA
2021-08-01,E10,NA,494701.6618,NA
2021-08-01,E09,NA,541542.1192,NA
2021-08-01,E08,NA,513613.0809,NA
2021-08-01,W04,NA,510617.1546,NA
2021-08-01,C01,NA,759500.9866,NA
2021-08-01,E03,NA,333298.5767,NA
2021-08-01,W10,NA,425575.9102,NA
2021-08-01,C02,NA,760180.3691,NA
2021-08-01,All,NA,703768.6535,NA
2021-08-01,W02,NA,395348.198,NA
2021-08-01,E01,NA,801184.346,NA
2021-08-01,C15,NA,621929.4334,NA
2021-08-01,C14,NA,731999.6897,NA
2021-08-01,C13,NA,594575.5802,NA
2021-08-01,C12,NA,1829104.324,NA
2021-08-01,C03,NA,541514.9388,NA
2021-08-01,C10,NA,818741.0348,NA
2021-08-01,E07,NA,543633.2432,NA
2021-08-01,C08,NA,791245.5392,NA
2021-08-01,C07,NA,634251.1051,NA
2021-08-01,C06,NA,677960.5102,NA
2021-08-01,C04,NA,991838.3936,NA
2021-08-01,E04,NA,487799.6359,NA
2021-08-01,C11,NA,619735.0356,NA
2021-08-01,E05,NA,594747.0129,NA
2021-08-01,C09,NA,1171728.098,NA
2021-09-01,E02,NA,961920.8478,NA
2021-09-01,W09,NA,552915.4245,NA
2021-09-01,W08,NA,562933.8137,NA
2021-09-01,W07,NA,897806.2273,NA
2021-09-01,W06,NA,755419.9224,NA
2021-09-01,E06,NA,882749.1552,NA
2021-09-01,W05,NA,482844.9807,NA
2021-09-01,W03,NA,774990.6922,NA
2021-09-01,W01,NA,757230.4471,NA
2021-09-01,E11,NA,467360.26,NA
2021-09-01,E10,NA,458601.15,NA
2021-09-01,E09,NA,577534.7717,NA
2021-09-01,E08,NA,532689.6149,NA
2021-09-01,W04,NA,498717.3683,NA
2021-09-01,C01,NA,771514.9749,NA
2021-09-01,E03,NA,479179.0168,NA
2021-09-01,W10,NA,468845.9034,NA
2021-09-01,C02,NA,151662.041,NA
2021-09-01,All,NA,711884.5857,NA
2021-09-01,W02,NA,662415.9769,NA
2021-09-01,E01,NA,813822.3193,NA
2021-09-01,C15,NA,679971.644,NA
2021-09-01,C14,NA,779254.3377,NA
2021-09-01,C13,NA,657545.6375,NA
2021-09-01,C12,NA,1349626.15,NA
2021-09-01,C03,NA,1132744.102,NA
2021-09-01,C10,NA,813663.0175,NA
2021-09-01,E07,NA,540319.2925,NA
2021-09-01,C08,NA,788923.0464,NA
2021-09-01,C07,NA,656491.1104,NA
2021-09-01,C06,NA,691502.8089,NA
2021-09-01,C04,NA,1142688.765,NA
2021-09-01,E04,NA,530799.6387,NA
2021-09-01,C11,NA,691041.223,NA
2021-09-01,E05,NA,582855.5165,NA
2021-09-01,C09,NA,658536.4205,NA
2021-10-01,E02,NA,1101413.908,NA
2021-10-01,W09,NA,544083.4663,NA
2021-10-01,W08,NA,599224.5277,NA
2021-10-01,W07,NA,659792.1304,NA
2021-10-01,W06,NA,810740.3846,NA
2021-10-01,E06,NA,1019867.457,NA
2021-10-01,W05,NA,474021.7361,NA
2021-10-01,W03,NA,393057.6384,NA
2021-10-01,W01,NA,582036.1791,NA
2021-10-01,E11,NA,518270.5504,NA
2021-10-01,E10,NA,318763.6466,NA
2021-10-01,E09,NA,626467.3308,NA
2021-10-01,E08,NA,484903.3948,NA
2021-10-01,W04,NA,449884.5222,NA
2021-10-01,C01,NA,713575.5948,NA
2021-10-01,E03,NA,727629.155,NA
2021-10-01,W10,NA,515457.7839,NA
2021-10-01,C02,NA,912021.0478,NA
2021-10-01,All,NA,723867.4624,NA
2021-10-01,W02,NA,788716.9203,NA
2021-10-01,E01,NA,822464.7688,NA
2021-10-01,C15,NA,688757.4974,NA
2021-10-01,C14,NA,783386.1686,NA
2021-10-01,C13,NA,678575.7446,NA
2021-10-01,C12,NA,1412770.971,NA
2021-10-01,C03,NA,925168.3652,NA
2021-10-01,C10,NA,810485.8882,NA
2021-10-01,E07,NA,536865.5756,NA
2021-10-01,C08,NA,783328.2318,NA
2021-10-01,C07,NA,659610.2942,NA
2021-10-01,C06,NA,611717.5229,NA
2021-10-01,C04,NA,917734.3436,NA
2021-10-01,E04,NA,531577.4949,NA
2021-10-01,C11,NA,681129.4503,NA
2021-10-01,E05,NA,534135.2345,NA
2021-10-01,C09,NA,2195522.867,NA
2021-11-01,E02,NA,1003883.292,NA
2021-11-01,W09,NA,501739.7163,NA
2021-11-01,W08,NA,648018.8755,NA
2021-11-01,W07,NA,500796.7188,NA
2021-11-01,W06,NA,740767.9826,NA
2021-11-01,E06,NA,866236.0121,NA
2021-11-01,W05,NA,558607.6468,NA
2021-11-01,W03,NA,236019.647,NA
2021-11-01,W01,NA,641799.0508,NA
2021-11-01,E11,NA,503970.4219,NA
2021-11-01,E10,NA,355116.9807,NA
2021-11-01,E09,NA,606744.2847,NA
2021-11-01,E08,NA,555321.7859,NA
2021-11-01,W04,NA,509450.047,NA
2021-11-01,C01,NA,690989.1963,NA
2021-11-01,E03,NA,634675.9986,NA
2021-11-01,W10,NA,455204.3745,NA
2021-11-01,C02,NA,1452251.543,NA
2021-11-01,All,NA,697624.8776,NA
2021-11-01,W02,NA,614967.7921,NA
2021-11-01,E01,NA,580995.9866,NA
2021-11-01,C15,NA,631126.0077,NA
2021-11-01,C14,NA,717884.055,NA
2021-11-01,C13,NA,573305.4512,NA
2021-11-01,C12,NA,1454520.094,NA
2021-11-01,C03,NA,1111486.371,NA
2021-11-01,C10,NA,784041.7077,NA
2021-11-01,E07,NA,522320.315,NA
2021-11-01,C08,NA,774702.8743,NA
2021-11-01,C07,NA,636582.9695,NA
2021-11-01,C06,NA,603456.0656,NA
2021-11-01,C04,NA,927283.3443,NA
2021-11-01,E04,NA,519292.2173,NA
2021-11-01,C11,NA,647668.2437,NA
2021-11-01,E05,NA,500894.164,NA
2021-11-01,C09,NA,1553230.689,NA
2021-12-01,E02,NA,830150.2386,NA
2021-12-01,W09,NA,533732.8397,NA
2021-12-01,W08,NA,559596.2823,NA
2021-12-01,W07,NA,496578.018,NA
2021-12-01,W06,NA,707988.6464,NA
2021-12-01,E06,NA,983267.2199,NA
2021-12-01,W05,NA,540672.4176,NA
2021-12-01,W03,NA,596861.3019,NA
2021-12-01,W01,NA,740166.4893,NA
2021-12-01,E11,NA,536165.0939,NA
2021-12-01,E10,NA,280264.6295,NA
2021-12-01,E09,NA,572290.2171,NA
2021-12-01,E08,NA,510109.4804,NA
2021-12-01,W04,NA,499683.0522,NA
2021-12-01,C01,NA,699146.1009,NA
2021-12-01,E03,NA,448280.4819,NA
2021-12-01,W10,NA,439093.595,NA
2021-12-01,C02,NA,810540.673,NA
2021-12-01,All,NA,694233.4384,NA
2021-12-01,W02,NA,577548.3823,NA
2021-12-01,E01,NA,661149.0041,NA
2021-12-01,C15,NA,697840.8342,NA
2021-12-01,C14,NA,719192.9552,NA
2021-12-01,C13,NA,700387.4861,NA
2021-12-01,C12,NA,956600.1542,NA
2021-12-01,C03,NA,1167004.335,NA
2021-12-01,C10,NA,881610.9892,NA
2021-12-01,E07,NA,524976.3524,NA
2021-12-01,C08,NA,701386.9996,NA
2021-12-01,C07,NA,656009.8738,NA
2021-12-01,C06,NA,555264.9096,NA
2021-12-01,C04,NA,1111906.743,NA
2021-12-01,E04,NA,565674.2736,NA
2021-12-01,C11,NA,631381.3665,NA
2021-12-01,E05,NA,515269.5958,NA
2021-12-01,C09,NA,1285871.259,NA
2022-01-01,E02,NA,945560.2015,NA
2022-01-01,W09,NA,635655.9684,NA
2022-01-01,W08,NA,657473.5035,NA
2022-01-01,W07,NA,985543.1363,NA
2022-01-01,W06,NA,728845.6394,NA
2022-01-01,E06,NA,832824.7835,NA
2022-01-01,W05,NA,520415.8022,NA
2022-01-01,W03,NA,591365.0754,NA
2022-01-01,W01,NA,806766.2967,NA
2022-01-01,E11,NA,515917.4838,NA
2022-01-01,E10,NA,377975.851,NA
2022-01-01,E09,NA,571481.5689,NA
2022-01-01,E08,NA,493127.3549,NA
2022-01-01,W04,NA,491819.9182,NA
2022-01-01,C01,NA,704424.1015,NA
2022-01-01,E03,NA,558512.967,NA
2022-01-01,W10,NA,512594.1129,NA
2022-01-01,C02,NA,1414098.14,NA
2022-01-01,All,NA,717196.2023,NA
2022-01-01,W02,NA,679685.058,NA
2022-01-01,E01,NA,670296.3663,NA
2022-01-01,C15,NA,752150.0192,NA
2022-01-01,C14,NA,689841.7446,NA
2022-01-01,C13,NA,632126.6836,NA
2022-01-01,C12,NA,1104147.463,NA
2022-01-01,C03,NA,933401.8136,NA
2022-01-01,C10,NA,756844.0146,NA
2022-01-01,E07,NA,518158.4593,NA
2022-01-01,C08,NA,727780.0793,NA
2022-01-01,C07,NA,640424.5752,NA
2022-01-01,C06,NA,590884.5142,NA
2022-01-01,C04,NA,1344950.062,NA
2022-01-01,E04,NA,563162.9231,NA
2022-01-01,C11,NA,701979.5182,NA
2022-01-01,E05,NA,487650.0589,NA
2022-01-01,C09,NA,1942102.38,NA
2022-02-01,E02,NA,977982.2446,NA
2022-02-01,W09,NA,579281.294,NA
2022-02-01,W08,NA,658085.615,NA
2022-02-01,W07,NA,1091590.584,NA
2022-02-01,W06,NA,657636.5052,NA
2022-02-01,E06,NA,937624.847,NA
2022-02-01,W05,NA,518561.3751,NA
2022-02-01,W03,NA,493995.6629,NA
2022-02-01,W01,NA,685464.8039,NA
2022-02-01,E11,NA,543010.2144,NA
2022-02-01,E10,NA,372638.9181,NA
2022-02-01,E09,NA,580568.4759,NA
2022-02-01,E08,NA,553118.6852,NA
2022-02-01,W04,NA,506282.7392,NA
2022-02-01,C01,NA,722972.133,NA
2022-02-01,E03,NA,605994.2972,NA
2022-02-01,W10,NA,541175.7829,NA
2022-02-01,C02,NA,1595500.526,NA
2022-02-01,All,NA,703187.9308,NA
2022-02-01,W02,NA,617327.494,NA
2022-02-01,E01,NA,966294.039,NA
2022-02-01,C15,NA,727938.8606,NA
2022-02-01,C14,NA,715125.5644,NA
2022-02-01,C13,NA,647018.5424,NA
2022-02-01,C12,NA,1325215.48,NA
2022-02-01,C03,NA,630003.1278,NA
2022-02-01,C10,NA,758566.3581,NA
2022-02-01,E07,NA,527202.7055,NA
2022-02-01,C08,NA,717593.6405,NA
2022-02-01,C07,NA,610751.0737,NA
2022-02-01,C06,NA,670845.8532,NA
2022-02-01,C04,NA,1039601.358,NA
2022-02-01,E04,NA,548136.088,NA
2022-02-01,C11,NA,679435.7093,NA
2022-02-01,E05,NA,467164.1735,NA
2022-02-01,C09,NA,1180895.436,NA
2022-03-01,E02,NA,816206.2775,NA
2022-03-01,W09,NA,500033.3743,NA
2022-03-01,W08,NA,670816.7072,NA
2022-03-01,W07,NA,543505.2936,NA
2022-03-01,W06,NA,729084.7932,NA
2022-03-01,E06,NA,1115587.748,NA
2022-03-01,W05,NA,523952.0532,NA
2022-03-01,W03,NA,584184.0401,NA
2022-03-01,W01,NA,686555.5733,NA
2022-03-01,E11,NA,543789.3648,NA
2022-03-01,E10,NA,366744.2067,NA
2022-03-01,E09,NA,594139.0665,NA
2022-03-01,E08,NA,550373.9979,NA
2022-03-01,W04,NA,495557.9112,NA
2022-03-01,C01,NA,690433.854,NA
2022-03-01,E03,NA,493186.3615,NA
2022-03-01,W10,NA,509628.436,NA
2022-03-01,C02,NA,725883.7208,NA
2022-03-01,All,NA,679538.0789,NA
2022-03-01,W02,NA,488109.5389,NA
2022-03-01,E01,NA,855255.2881,NA
2022-03-01,C15,NA,709078.5876,NA
2022-03-01,C14,NA,691264.5221,NA
2022-03-01,C13,NA,707605.0827,NA
2022-03-01,C12,NA,1229874.723,NA
2022-03-01,C03,NA,596864.674,NA
2022-03-01,C10,NA,704357.7483,NA
2022-03-01,E07,NA,547730.5156,NA
2022-03-01,C08,NA,719258.2912,NA
2022-03-01,C07,NA,587135.1222,NA
2022-03-01,C06,NA,651580.1627,NA
2022-03-01,C04,NA,898744.1153,NA
2022-03-01,E04,NA,555855.8542,NA
2022-03-01,C11,NA,604218.9812,NA
2022-03-01,E05,NA,551507.2833,NA
2022-03-01,C09,NA,1241104.077,NA
2022-04-01,E02,NA,1213178.394,NA
2022-04-01,W09,NA,524431.8879,NA
2022-04-01,W08,NA,672104.3329,NA
2022-04-01,W07,NA,901729.9027,NA
2022-04-01,W06,NA,805549.4515,NA
2022-04-01,E06,NA,1210390.391,NA
2022-04-01,W05,NA,424392.7798,NA
2022-04-01,W03,NA,508647.4662,NA
2022-04-01,W01,NA,758280.5646,NA
2022-04-01,E11,NA,521388.9344,NA
2022-04-01,E10,NA,386456.2795,NA
2022-04-01,E09,NA,583616.6649,NA
2022-04-01,E08,NA,490205.5548,NA
2022-04-01,W04,NA,471012.8538,NA
2022-04-01,C01,NA,633353.2385,NA
2022-04-01,E03,NA,506719.1246,NA
2022-04-01,W10,NA,482733.9653,NA
2022-04-01,C02,NA,703909.1102,NA
2022-04-01,All,NA,677364.8374,NA
2022-04-01,W02,NA,585037.6654,NA
2022-04-01,E01,NA,602236.3567,NA
2022-04-01,C15,NA,774586.3806,NA
2022-04-01,C14,NA,677014.3109,NA
2022-04-01,C13,NA,597707.6884,NA
2022-04-01,C12,NA,1298276.501,NA
2022-04-01,C03,NA,690444.6412,NA
2022-04-01,C10,NA,833845.5204,NA
2022-04-01,E07,NA,560673.265,NA
2022-04-01,C08,NA,663053.0934,NA
2022-04-01,C07,NA,634858.8714,NA
2022-04-01,C06,NA,602204.7861,NA
2022-04-01,C04,NA,1084976.368,NA
2022-04-01,E04,NA,579436.1938,NA
2022-04-01,C11,NA,654678.3005,NA
2022-04-01,E05,NA,548363.7975,NA
2022-04-01,C09,NA,2152063.707,NA
2022-05-01,E02,NA,1184350.117,NA
2022-05-01,W09,NA,633589.1362,NA
2022-05-01,W08,NA,670467.1369,NA
2022-05-01,W07,NA,916756.6407,NA
2022-05-01,W06,NA,753917.5759,NA
2022-05-01,E06,NA,687819.1028,NA
2022-05-01,W05,NA,444868.2925,NA
2022-05-01,W03,NA,481479.7361,NA
2022-05-01,W01,NA,895606.6253,NA
2022-05-01,E11,NA,537710.1305,NA
2022-05-01,E10,NA,409747.7746,NA
2022-05-01,E09,NA,625650.1328,NA
2022-05-01,E08,NA,539157.9215,NA
2022-05-01,W04,NA,504232.7078,NA
2022-05-01,C01,NA,640101.5019,NA
2022-05-01,E03,NA,724171.9878,NA
2022-05-01,W10,NA,524992.6087,NA
2022-05-01,C02,NA,1003101.745,NA
2022-05-01,All,NA,706143.4969,NA
2022-05-01,W02,NA,659817.0728,NA
2022-05-01,E01,NA,520219.2296,NA
2022-05-01,C15,NA,780688.8524,NA
2022-05-01,C14,NA,716796.7661,NA
2022-05-01,C13,NA,638037.4957,NA
2022-05-01,C12,NA,1662063.292,NA
2022-05-01,C03,NA,502569.6052,NA
2022-05-01,C10,NA,785644.944,NA
2022-05-01,E07,NA,557194.8717,NA
2022-05-01,C08,NA,631907.2381,NA
2022-05-01,C07,NA,639565.1348,NA
2022-05-01,C06,NA,615773.6714,NA
2022-05-01,C04,NA,1018091.778,NA
2022-05-01,E04,NA,588776.9051,NA
2022-05-01,C11,NA,717706.4191,NA
2022-05-01,E05,NA,515822.5452,NA
2022-05-01,C09,NA,1175015.944,NA
2022-06-01,E02,NA,810669.148,NA
2022-06-01,W09,NA,590171.6324,NA
2022-06-01,W08,NA,664718.9766,NA
2022-06-01,W07,NA,408403.3659,NA
2022-06-01,W06,NA,759092.3736,NA
2022-06-01,E06,NA,690577.445,NA
2022-06-01,W05,NA,534711.6825,NA
2022-06-01,W03,NA,550066.4925,NA
2022-06-01,W01,NA,909632.7475,NA
2022-06-01,E11,NA,515158.0871,NA
2022-06-01,E10,NA,306418.0638,NA
2022-06-01,E09,NA,650004.4119,NA
2022-06-01,E08,NA,590008.7326,NA
2022-06-01,W04,NA,524108.7128,NA
2022-06-01,C01,NA,652629.8256,NA
2022-06-01,E03,NA,679737.3542,NA
2022-06-01,W10,NA,535152.9837,NA
2022-06-01,C02,NA,1113882.413,NA
2022-06-01,All,NA,700175.488,NA
2022-06-01,W02,NA,520967.7709,NA
2022-06-01,E01,NA,633572.28,NA
2022-06-01,C15,NA,741189.7836,NA
2022-06-01,C14,NA,710182.2514,NA
2022-06-01,C13,NA,613651.071,NA
2022-06-01,C12,NA,1167033.302,NA
2022-06-01,C03,NA,928883.4447,NA
2022-06-01,C10,NA,727958.4606,NA
2022-06-01,E07,NA,550697.5498,NA
2022-06-01,C08,NA,629655.1746,NA
2022-06-01,C07,NA,685447.5438,NA
2022-06-01,C06,NA,657273.6782,NA
2022-06-01,C04,NA,1237456.425,NA
2022-06-01,E04,NA,570509.546,NA
2022-06-01,C11,NA,680794.6974,NA
2022-06-01,E05,NA,570402.7795,NA
2022-06-01,C09,NA,1794392.917,NA
2022-07-01,E02,NA,1132497.712,NA
2022-07-01,W09,NA,587517.6025,NA
2022-07-01,W08,NA,661975.4299,NA
2022-07-01,W07,NA,729212.4341,NA
2022-07-01,W06,NA,792214.8695,NA
2022-07-01,E06,NA,944208.167,NA
2022-07-01,W05,NA,561784.7094,NA
2022-07-01,W03,NA,598078.5874,NA
2022-07-01,W01,NA,815718.7889,NA
2022-07-01,E11,NA,548320.835,NA
2022-07-01,E10,NA,342489.1574,NA
2022-07-01,E09,NA,638123.7505,NA
2022-07-01,E08,NA,575069.3722,NA
2022-07-01,W04,NA,521435.7305,NA
2022-07-01,C01,NA,706503.1288,NA
2022-07-01,E03,NA,532892.1558,NA
2022-07-01,W10,NA,535539.3818,NA
2022-07-01,C02,NA,604785.7882,NA
2022-07-01,All,NA,698821.7912,NA
2022-07-01,W02,NA,478437.975,NA
2022-07-01,E01,NA,714959.5399,NA
2022-07-01,C15,NA,756289.9448,NA
2022-07-01,C14,NA,707746.5184,NA
2022-07-01,C13,NA,667599.8273,NA
2022-07-01,C12,NA,1081587.505,NA
2022-07-01,C03,NA,1319866.032,NA
2022-07-01,C10,NA,925191.1399,NA
2022-07-01,E07,NA,567003.0207,NA
2022-07-01,C08,NA,634740.7302,NA
2022-07-01,C07,NA,694558.2927,NA
2022-07-01,C06,NA,623149.7704,NA
2022-07-01,C04,NA,1252490.701,NA
2022-07-01,E04,NA,593185.4737,NA
2022-07-01,C11,NA,761263.258,NA
2022-07-01,E05,NA,607172.7833,NA
2022-07-01,C09,NA,1917118.804,NA
2022-08-01,E02,NA,1409320.211,NA
2022-08-01,W09,NA,686537.7191,NA
2022-08-01,W08,NA,644525.2658,NA
2022-08-01,W07,NA,1032780.346,NA
2022-08-01,W06,NA,774966.0948,NA
2022-08-01,E06,NA,1158198.607,NA
2022-08-01,W05,NA,545340.6171,NA
2022-08-01,W03,NA,441143.6904,NA
2022-08-01,W01,NA,768347.4939,NA
2022-08-01,E11,NA,565757.4534,NA
2022-08-01,E10,NA,435844.0832,NA
2022-08-01,E09,NA,662081.3283,NA
2022-08-01,E08,NA,507043.9266,NA
2022-08-01,W04,NA,470992.6567,NA
2022-08-01,C01,NA,775514.6934,NA
2022-08-01,E03,NA,636391.4015,NA
2022-08-01,W10,NA,556692.9491,NA
2022-08-01,C02,NA,588300.8966,NA
2022-08-01,All,NA,732498.8313,NA
2022-08-01,W02,NA,525982.2225,NA
2022-08-01,E01,NA,624776.8471,NA
2022-08-01,C15,NA,780942.6989,NA
2022-08-01,C14,NA,751608.4247,NA
2022-08-01,C13,NA,685355.9925,NA
2022-08-01,C12,NA,1039337.544,NA
2022-08-01,C03,NA,828446.8963,NA
2022-08-01,C10,NA,861920.4053,NA
2022-08-01,E07,NA,587154.6102,NA
2022-08-01,C08,NA,654081.7634,NA
2022-08-01,C07,NA,694293.0692,NA
2022-08-01,C06,NA,649331.0891,NA
2022-08-01,C04,NA,1269117.667,NA
2022-08-01,E04,NA,601757.6465,NA
2022-08-01,C11,NA,789505.5224,NA
2022-08-01,E05,NA,549565.4134,NA
2022-08-01,C09,NA,821508.4586,NA
2022-09-01,E02,NA,1146254.787,NA
2022-09-01,W09,NA,691199.7584,NA
2022-09-01,W08,NA,728694.4751,NA
2022-09-01,W07,NA,1261435.858,NA
2022-09-01,W06,NA,737903.2542,NA
2022-09-01,E06,NA,854524.5784,NA
2022-09-01,W05,NA,588703.1673,NA
2022-09-01,W03,NA,468245.933,NA
2022-09-01,W01,NA,757912.2389,NA
2022-09-01,E11,NA,604584.7617,NA
2022-09-01,E10,NA,429110.1229,NA
2022-09-01,E09,NA,696361.4711,NA
2022-09-01,E08,NA,502878.1763,NA
2022-09-01,W04,NA,446754.2994,NA
2022-09-01,C01,NA,722897.9565,NA
2022-09-01,E03,NA,745350.2119,NA
2022-09-01,W10,NA,568146.8197,NA
2022-09-01,C02,NA,822250.8904,NA
2022-09-01,All,NA,756565.3066,NA
2022-09-01,W02,NA,448352.8396,NA
2022-09-01,E01,NA,609397.926,NA
2022-09-01,C15,NA,826230.4632,NA
2022-09-01,C14,NA,765978.3642,NA
2022-09-01,C13,NA,745746.7295,NA
2022-09-01,C12,NA,1317956.428,NA
2022-09-01,C03,NA,425482.9691,NA
2022-09-01,C10,NA,847032.172,NA
2022-09-01,E07,NA,579013.2791,NA
2022-09-01,C08,NA,699405.4572,NA
2022-09-01,C07,NA,728923.0289,NA
2022-09-01,C06,NA,681175.457,NA
2022-09-01,C04,NA,1338196.456,NA
2022-09-01,E04,NA,635712.2409,NA
2022-09-01,C11,NA,655312.6607,NA
2022-09-01,E05,NA,524904.2476,NA
2022-09-01,C09,NA,2017842.648,NA
2022-10-01,E02,NA,910899.5135,NA
2022-10-01,W09,NA,700572.1603,NA
2022-10-01,W08,NA,659766.4931,NA
2022-10-01,W07,NA,670898.9141,NA
2022-10-01,W06,NA,810292.6005,NA
2022-10-01,E06,NA,983462.6701,NA
2022-10-01,W05,NA,568147.2446,NA
2022-10-01,W03,NA,413439.1758,NA
2022-10-01,W01,NA,819348.0378,NA
2022-10-01,E11,NA,625696.1643,NA
2022-10-01,E10,NA,336404.0226,NA
2022-10-01,E09,NA,705232.1748,NA
2022-10-01,E08,NA,565662.4474,NA
2022-10-01,W04,NA,474787.5405,NA
2022-10-01,C01,NA,646332.0343,NA
2022-10-01,E03,NA,664713.7985,NA
2022-10-01,W10,NA,548040.8821,NA
2022-10-01,C02,NA,758448.1564,NA
2022-10-01,All,NA,748628.3525,NA
2022-10-01,W02,NA,463928.061,NA
2022-10-01,E01,NA,699261.5023,NA
2022-10-01,C15,NA,799758.9846,NA
2022-10-01,C14,NA,770272.5526,NA
2022-10-01,C13,NA,724188.1102,NA
2022-10-01,C12,NA,1248807.409,NA
2022-10-01,C03,NA,403506.621,NA
2022-10-01,C10,NA,810063.5407,NA
2022-10-01,E07,NA,561327.9834,NA
2022-10-01,C08,NA,724591.3312,NA
2022-10-01,C07,NA,787573.982,NA
2022-10-01,C06,NA,669558.8775,NA
2022-10-01,C04,NA,1094607.214,NA
2022-10-01,E04,NA,590270.0699,NA
2022-10-01,C11,NA,605136.2622,NA
2022-10-01,E05,NA,538473.7261,NA
2022-10-01,C09,NA,2220008.523,NA
2022-11-01,E02,NA,1021952.119,NA
2022-11-01,W09,NA,634851.5756,NA
2022-11-01,W08,NA,633397.5774,NA
2022-11-01,W07,NA,749346.7623,NA
2022-11-01,W06,NA,839220.0783,NA
2022-11-01,E06,NA,1291566.577,NA
2022-11-01,W05,NA,557480.7713,NA
2022-11-01,W03,NA,794177.4704,NA
2022-11-01,W01,NA,955627.7965,NA
2022-11-01,E11,NA,603905.1598,NA
2022-11-01,E10,NA,296550.2982,NA
2022-11-01,E09,NA,689311.6122,NA
2022-11-01,E08,NA,568606.7245,NA
2022-11-01,W04,NA,499077.1207,NA
2022-11-01,C01,NA,682948.3291,NA
2022-11-01,E03,NA,535573.8597,NA
2022-11-01,W10,NA,522866.0442,NA
2022-11-01,C02,NA,602062.1709,NA
2022-11-01,All,NA,751684.5249,NA
2022-11-01,W02,NA,452722.1731,NA
2022-11-01,E01,NA,645179.1601,NA
2022-11-01,C15,NA,708199.7116,NA
2022-11-01,C14,NA,773206.7758,NA
2022-11-01,C13,NA,748711.1624,NA
2022-11-01,C12,NA,1791051.271,NA
2022-11-01,C03,NA,499007.9236,NA
2022-11-01,C10,NA,992605.7251,NA
2022-11-01,E07,NA,540007.5276,NA
2022-11-01,C08,NA,686877.2319,NA
2022-11-01,C07,NA,748882.355,NA
2022-11-01,C06,NA,669600.4967,NA
2022-11-01,C04,NA,1340654.082,NA
2022-11-01,E04,NA,621997.6416,NA
2022-11-01,C11,NA,763470.7056,NA
2022-11-01,E05,NA,568168.8966,NA
2022-11-01,C09,NA,1066764.317,NA
2022-12-01,E02,NA,1161023.614,NA
2022-12-01,W09,NA,630060.2814,NA
2022-12-01,W08,NA,656653.2381,NA
2022-12-01,W07,NA,1188015.855,NA
2022-12-01,W06,NA,807361.539,NA
2022-12-01,E06,NA,1054615.462,NA
2022-12-01,W05,NA,551352.0513,NA
2022-12-01,W03,NA,269180.065,NA
2022-12-01,W01,NA,873130.0044,NA
2022-12-01,E11,NA,583610.3025,NA
2022-12-01,E10,NA,437785.4732,NA
2022-12-01,E09,NA,716779.7778,NA
2022-12-01,E08,NA,527282.6314,NA
2022-12-01,W04,NA,503574.9547,NA
2022-12-01,C01,NA,718818.9233,NA
2022-12-01,E03,NA,635063.5859,NA
2022-12-01,W10,NA,551065.0946,NA
2022-12-01,C02,NA,1042833.762,NA
2022-12-01,All,NA,752596.6679,NA
2022-12-01,W02,NA,505191.7283,NA
2022-12-01,E01,NA,671699.3774,NA
2022-12-01,C15,NA,736105.6845,NA
2022-12-01,C14,NA,823098.8989,NA
2022-12-01,C13,NA,695586.7237,NA
2022-12-01,C12,NA,1409240.992,NA
2022-12-01,C03,NA,852913.7757,NA
2022-12-01,C10,NA,965064.4713,NA
2022-12-01,E07,NA,537661.3793,NA
2022-12-01,C08,NA,735797.4578,NA
2022-12-01,C07,NA,716540.5481,NA
2022-12-01,C06,NA,656446.1246,NA
2022-12-01,C04,NA,1495890.819,NA
2022-12-01,E04,NA,617464.1236,NA
2022-12-01,C11,NA,894547.6859,NA
2022-12-01,E05,NA,584609.3928,NA
2022-12-01,C09,NA,1786223.686,NA
2023-01-01,E02,NA,1116301.056,NA
2023-01-01,W09,NA,592760.8972,NA
2023-01-01,W08,NA,639209.5665,NA
2023-01-01,W07,NA,686129.6408,NA
2023-01-01,W06,NA,812608.7876,NA
2023-01-01,E06,NA,975384.187,NA
2023-01-01,W05,NA,562612.6405,NA
2023-01-01,W03,NA,357371.0116,NA
2023-01-01,W01,NA,787920.5955,NA
2023-01-01,E11,NA,582601.7446,NA
2023-01-01,E10,NA,356622.4689,NA
2023-01-01,E09,NA,750317.3494,NA
2023-01-01,E08,NA,578443.1022,NA
2023-01-01,W04,NA,478436.2549,NA
2023-01-01,C01,NA,701950.888,NA
2023-01-01,E03,NA,742593.4063,NA
2023-01-01,W10,NA,531152.0953,NA
2023-01-01,C02,NA,1136044.423,NA
2023-01-01,All,NA,760480.1697,NA
2023-01-01,W02,NA,610492.9415,NA
2023-01-01,E01,NA,688934.8591,NA
2023-01-01,C15,NA,781806.3071,NA
2023-01-01,C14,NA,858593.7184,NA
2023-01-01,C13,NA,742273.2075,NA
2023-01-01,C12,NA,804032.6938,NA
2023-01-01,C03,NA,857556.9495,NA
2023-01-01,C10,NA,904401.2862,NA
2023-01-01,E07,NA,550814.1085,NA
2023-01-01,C08,NA,774831.6671,NA
2023-01-01,C07,NA,708819.5902,NA
2023-01-01,C06,NA,689966.8454,NA
2023-01-01,C04,NA,1079846.892,NA
2023-01-01,E04,NA,632335.3944,NA
2023-01-01,C11,NA,734050.7578,NA
2023-01-01,E05,NA,572925.5472,NA
2023-01-01,C09,NA,1608201.478,NA
2023-02-01,E02,NA,1120263.464,NA
2023-02-01,W09,NA,628401.4286,NA
2023-02-01,W08,NA,642284.5763,NA
2023-02-01,W07,NA,721258.7494,NA
2023-02-01,W06,NA,817882.8737,NA
2023-02-01,E06,NA,1021188.434,NA
2023-02-01,W05,NA,558843.8058,NA
2023-02-01,W03,NA,770234.1253,NA
2023-02-01,W01,NA,736724.2088,NA
2023-02-01,E11,NA,609743.9134,NA
2023-02-01,E10,NA,259687.1837,NA
2023-02-01,E09,NA,733062.6968,NA
2023-02-01,E08,NA,609701.6615,NA
2023-02-01,W04,NA,527840.7526,NA
2023-02-01,C01,NA,705515.765,NA
2023-02-01,E03,NA,623064.3985,NA
2023-02-01,W10,NA,530564.4538,NA
2023-02-01,C02,NA,657183.1144,NA
2023-02-01,All,NA,753008.8299,NA
2023-02-01,W02,NA,600226.1323,NA
2023-02-01,E01,NA,607728.1808,NA
2023-02-01,C15,NA,824502.8194,NA
2023-02-01,C14,NA,867865.4712,NA
2023-02-01,C13,NA,726178.0507,NA
2023-02-01,C12,NA,1031109.084,NA
2023-02-01,C03,NA,1084169.2,NA
2023-02-01,C10,NA,977896.9912,NA
2023-02-01,E07,NA,569637.1363,NA
2023-02-01,C08,NA,780570.1151,NA
2023-02-01,C07,NA,650486.196,NA
2023-02-01,C06,NA,701813.1689,NA
2023-02-01,C04,NA,1200378.766,NA
2023-02-01,E04,NA,645250.5189,NA
2023-02-01,C11,NA,639096.8619,NA
2023-02-01,E05,NA,582648.1669,NA
2023-02-01,C09,NA,1629761.663,NA
2023-03-01,E02,NA,1193133.029,NA
2023-03-01,W09,NA,712970.0385,NA
2023-03-01,W08,NA,653077.24,NA
2023-03-01,W07,NA,1020701.377,NA
2023-03-01,W06,NA,799226.2615,NA
2023-03-01,E06,NA,1269919.338,NA
2023-03-01,W05,NA,557345.023,NA
2023-03-01,W03,NA,621390.8905,NA
2023-03-01,W01,NA,800902.3565,NA
2023-03-01,E11,NA,607213.4223,NA
2023-03-01,E10,NA,446341.9217,NA
2023-03-01,E09,NA,710022.5887,NA
2023-03-01,E08,NA,576272.0121,NA
2023-03-01,W04,NA,526748.4058,NA
2023-03-01,C01,NA,706734.5036,NA
2023-03-01,E03,NA,509442.1956,NA
2023-03-01,W10,NA,539849.6014,NA
2023-03-01,C02,NA,506718.6273,NA
2023-03-01,All,NA,738006.2755,NA
2023-03-01,W02,NA,442642.4672,NA
2023-03-01,E01,NA,557873.7462,NA
2023-03-01,C15,NA,797880.6819,NA
2023-03-01,C14,NA,848927.7927,NA
2023-03-01,C13,NA,637754.7044,NA
2023-03-01,C12,NA,1540117.937,NA
2023-03-01,C03,NA,1118719.992,NA
2023-03-01,C10,NA,978629.2654,NA
2023-03-01,E07,NA,585504.8086,NA
2023-03-01,C08,NA,776019.7734,NA
2023-03-01,C07,NA,664947.2921,NA
2023-03-01,C06,NA,685850.5906,NA
2023-03-01,C04,NA,1365371.943,NA
2023-03-01,E04,NA,665808.4237,NA
2023-03-01,C11,NA,789115.1573,NA
2023-03-01,E05,NA,548772.7347,NA
2023-03-01,C09,NA,2957844.662,NA
2023-04-01,E02,NA,1206039.569,NA
2023-04-01,W09,NA,762015.3233,NA
2023-04-01,W08,NA,685701.0553,NA
2023-04-01,W07,NA,1093629.96,NA
2023-04-01,W06,NA,821806.7699,NA
2023-04-01,E06,NA,1159823.504,NA
2023-04-01,W05,NA,583752.7471,NA
2023-04-01,W03,NA,426576.2332,NA
2023-04-01,W01,NA,882325.8076,NA
2023-04-01,E11,NA,615286.2774,NA
2023-04-01,E10,NA,494197.1209,NA
2023-04-01,E09,NA,720213.7656,NA
2023-04-01,E08,NA,581072.7209,NA
2023-04-01,W04,NA,488852.2175,NA
2023-04-01,C01,NA,661875.3992,NA
2023-04-01,E03,NA,656268.7851,NA
2023-04-01,W10,NA,554179.736,NA
2023-04-01,C02,NA,877111.3927,NA
2023-04-01,All,NA,757708.3271,NA
2023-04-01,W02,NA,490401.7352,NA
2023-04-01,E01,NA,630954.9149,NA
2023-04-01,C15,NA,840708.8631,NA
2023-04-01,C14,NA,857065.2075,NA
2023-04-01,C13,NA,665604.3196,NA
2023-04-01,C12,NA,1616219.708,NA
2023-04-01,C03,NA,659378.0134,NA
2023-04-01,C10,NA,971813.2952,NA
2023-04-01,E07,NA,585774.0817,NA
2023-04-01,C08,NA,787377.1608,NA
2023-04-01,C07,NA,690363.6676,NA
2023-04-01,C06,NA,673535.2415,NA
2023-04-01,C04,NA,1506760.921,NA
2023-04-01,E04,NA,669537.05,NA
2023-04-01,C11,NA,876664.5842,NA
2023-04-01,E05,NA,523065.301,NA
2023-04-01,C09,NA,1576767.343,NA
2023-05-01,E02,NA,1069698.434,NA
2023-05-01,W09,NA,660607.4107,NA
2023-05-01,W08,NA,743007.6884,NA
2023-05-01,W07,NA,878943.7142,NA
2023-05-01,W06,NA,857695.8942,NA
2023-05-01,E06,NA,1190122.962,NA
2023-05-01,W05,NA,587623.6745,NA
2023-05-01,W03,NA,336738.1496,NA
2023-05-01,W01,NA,836392.1905,NA
2023-05-01,E11,NA,628151.3602,NA
2023-05-01,E10,NA,359454.8701,NA
2023-05-01,E09,NA,738872.4002,NA
2023-05-01,E08,NA,615621.3668,NA
2023-05-01,W04,NA,483171.5632,NA
2023-05-01,C01,NA,637484.1834,NA
2023-05-01,E03,NA,786372.1495,NA
2023-05-01,W10,NA,553576.8541,NA
2023-05-01,C02,NA,939260.8553,NA
2023-05-01,All,NA,755397.5816,NA
2023-05-01,W02,NA,475591.2776,NA
2023-05-01,E01,NA,733609.3586,NA
2023-05-01,C15,NA,853135.236,NA
2023-05-01,C14,NA,828316.1898,NA
2023-05-01,C13,NA,668166.4705,NA
2023-05-01,C12,NA,1424444.997,NA
2023-05-01,C03,NA,474564.3734,NA
2023-05-01,C10,NA,908838.1752,NA
2023-05-01,E07,NA,568526.1626,NA
2023-05-01,C08,NA,774628.96,NA
2023-05-01,C07,NA,680830.2131,NA
2023-05-01,C06,NA,699721.6615,NA
2023-05-01,C04,NA,1607480.523,NA
2023-05-01,E04,NA,659611.6967,NA
2023-05-01,C11,NA,752786.697,NA
2023-05-01,E05,NA,569467.2653,NA
2023-05-01,C09,NA,1878367.349,NA
2023-06-01,E02,NA,1252206.636,NA
2023-06-01,W09,NA,578466.0176,NA
2023-06-01,W08,NA,696084.4819,NA
2023-06-01,W07,NA,884778.6955,NA
2023-06-01,W06,NA,846139.9944,NA
2023-06-01,E06,NA,1162222.904,NA
2023-06-01,W05,NA,584944.095,NA
2023-06-01,W03,NA,503812.8858,NA
2023-06-01,W01,NA,858556.2995,NA
2023-06-01,E11,NA,634680.9366,NA
2023-06-01,E10,NA,283136.6583,NA
2023-06-01,E09,NA,729938.1389,NA
2023-06-01,E08,NA,600785.8393,NA
2023-06-01,W04,NA,467667.0963,NA
2023-06-01,C01,NA,650103.696,NA
2023-06-01,E03,NA,654326.5269,NA
2023-06-01,W10,NA,546649.9419,NA
2023-06-01,C02,NA,855977.9849,NA
2023-06-01,All,NA,730828.5075,NA
2023-06-01,W02,NA,431786.8167,NA
2023-06-01,E01,NA,557117.4255,NA
2023-06-01,C15,NA,836135.81,NA
2023-06-01,C14,NA,783164.1666,NA
2023-06-01,C13,NA,727896.6677,NA
2023-06-01,C12,NA,1721061.553,NA
2023-06-01,C03,NA,600833.9913,NA
2023-06-01,C10,NA,947044.2875,NA
2023-06-01,E07,NA,571033.683,NA
2023-06-01,C08,NA,751653.7064,NA
2023-06-01,C07,NA,655894.5734,NA
2023-06-01,C06,NA,679712.7609,NA
2023-06-01,C04,NA,1334142.462,NA
2023-06-01,E04,NA,643133.8773,NA
2023-06-01,C11,NA,719467.9904,NA
2023-06-01,E05,NA,572767.5334,NA
2023-06-01,C09,NA,2196615.335,NA
2023-07-01,E02,NA,1309347.642,NA
2023-07-01,W09,NA,710571.265,NA
2023-07-01,W08,NA,704930.9097,NA
2023-07-01,W07,NA,1064563.029,NA
2023-07-01,W06,NA,789314.1386,NA
2023-07-01,E06,NA,1312282.823,NA
2023-07-01,W05,NA,561169.8486,NA
2023-07-01,W03,NA,647981.524,NA
2023-07-01,W01,NA,879861.7851,NA
2023-07-01,E11,NA,656250.4928,NA
2023-07-01,E10,NA,372380.7565,NA
2023-07-01,E09,NA,721861.072,NA
2023-07-01,E08,NA,597911.2103,NA
2023-07-01,W04,NA,481699.452,NA
2023-07-01,C01,NA,664209.252,NA
2023-07-01,E03,NA,573091.6991,NA
2023-07-01,W10,NA,582623.7767,NA
2023-07-01,C02,NA,928723.2017,NA
2023-07-01,All,NA,723987.9406,NA
2023-07-01,W02,NA,426435.0514,NA
2023-07-01,E01,NA,528273.8487,NA
2023-07-01,C15,NA,831728.1665,NA
2023-07-01,C14,NA,781506.9493,NA
2023-07-01,C13,NA,749240.8174,NA
2023-07-01,C12,NA,1536967.245,NA
2023-07-01,C03,NA,653982.9698,NA
2023-07-01,C10,NA,855338.165,NA
2023-07-01,E07,NA,584381.95,NA
2023-07-01,C08,NA,713954.783,NA
2023-07-01,C07,NA,664808.8097,NA
2023-07-01,C06,NA,660923.5962,NA
2023-07-01,C04,NA,1391508.698,NA
2023-07-01,E04,NA,684016.9598,NA
2023-07-01,C11,NA,840621.9093,NA
2023-07-01,E05,NA,553474.6514,NA
2023-07-01,C09,NA,377483.0676,NA
2023-08-01,E02,NA,1323569.143,NA
2023-08-01,W09,NA,804299.1484,NA
2023-08-01,W08,NA,729020.4815,NA
2023-08-01,W07,NA,961056.0786,NA
2023-08-01,W06,NA,805673.7971,NA
2023-08-01,E06,NA,1084391.147,NA
2023-08-01,W05,NA,541070.9519,NA
2023-08-01,W03,NA,479661.1421,NA
2023-08-01,W01,NA,884735.822,NA
2023-08-01,E11,NA,683135.7721,NA
2023-08-01,E10,NA,467909.6356,NA
2023-08-01,E09,NA,746594.4079,NA
2023-08-01,E08,NA,608005.1659,NA
2023-08-01,W04,NA,484873.3452,NA
2023-08-01,C01,NA,647778.9737,NA
2023-08-01,E03,NA,700315.0332,NA
2023-08-01,W10,NA,563213.2585,NA
2023-08-01,C02,NA,1054669.455,NA
2023-08-01,All,NA,760633.2101,NA
2023-08-01,W02,NA,424086.7125,NA
2023-08-01,E01,NA,584946.5877,NA
2023-08-01,C15,NA,858783.6602,NA
2023-08-01,C14,NA,789917.4692,NA
2023-08-01,C13,NA,712107.1937,NA
2023-08-01,C12,NA,951717.9939,NA
2023-08-01,C03,NA,799748.2434,NA
2023-08-01,C10,NA,824665.8867,NA
2023-08-01,E07,NA,588617.7312,NA
2023-08-01,C08,NA,684575.7263,NA
2023-08-01,C07,NA,647382.0166,NA
2023-08-01,C06,NA,703448.4432,NA
2023-08-01,C04,NA,1662014.581,NA
2023-08-01,E04,NA,696599.4781,NA
2023-08-01,C11,NA,815723.9438,NA
2023-08-01,E05,NA,577388.7986,NA
2023-08-01,C09,NA,2424790.713,NA
2023-09-01,E02,NA,1377767.206,NA
2023-09-01,W09,NA,657471.8419,NA
2023-09-01,W08,NA,710364.5542,NA
2023-09-01,W07,NA,776527.1527,NA
2023-09-01,W06,NA,828487.5027,NA
2023-09-01,E06,NA,1032193.96,NA
2023-09-01,W05,NA,542421.9075,NA
2023-09-01,W03,NA,527779.7284,NA
2023-09-01,W01,NA,849617.3543,NA
2023-09-01,E11,NA,674244.4464,NA
2023-09-01,E10,NA,364305.9625,NA
2023-09-01,E09,NA,753080.493,NA
2023-09-01,E08,NA,642607.2336,NA
2023-09-01,W04,NA,515786.42,NA
2023-09-01,C01,NA,587782.0569,NA
2023-09-01,E03,NA,826598.2491,NA
2023-09-01,W10,NA,543728.4716,NA
2023-09-01,C02,NA,685330.2178,NA
2023-09-01,All,NA,737230.2253,NA
2023-09-01,W02,NA,457098.2077,NA
2023-09-01,E01,NA,700501.7851,NA
2023-09-01,C15,NA,884247.8898,NA
2023-09-01,C14,NA,763327.1684,NA
2023-09-01,C13,NA,703049.7432,NA
2023-09-01,C12,NA,928246.9913,NA
2023-09-01,C03,NA,881523.1513,NA
2023-09-01,C10,NA,952311.499,NA
2023-09-01,E07,NA,585242.5844,NA
2023-09-01,C08,NA,656693.483,NA
2023-09-01,C07,NA,634903.1076,NA
2023-09-01,C06,NA,707847.5254,NA
2023-09-01,C04,NA,1419284.889,NA
2023-09-01,E04,NA,673265.0756,NA
2023-09-01,C11,NA,796377.7543,NA
2023-09-01,E05,NA,586581.2977,NA
2023-09-01,C09,NA,2634346.666,NA
2023-10-01,E02,NA,1212678.838,NA
2023-10-01,W09,NA,663550.6178,NA
2023-10-01,W08,NA,728139.2765,NA
2023-10-01,W07,NA,827531.215,NA
2023-10-01,W06,NA,826249.0801,NA
2023-10-01,E06,NA,1336518.407,NA
2023-10-01,W05,NA,584828.703,NA
2023-10-01,W03,NA,564361.6711,NA
2023-10-01,W01,NA,898744.6532,NA
2023-10-01,E11,NA,646998.1645,NA
2023-10-01,E10,NA,266828.4379,NA
2023-10-01,E09,NA,741023.6618,NA
2023-10-01,E08,NA,598244.3393,NA
2023-10-01,W04,NA,491415.5006,NA
2023-10-01,C01,NA,591685.0567,NA
2023-10-01,E03,NA,723594.452,NA
2023-10-01,W10,NA,549443.957,NA
2023-10-01,C02,NA,268667.1878,NA
2023-10-01,All,NA,697249.6272,NA
2023-10-01,W02,NA,392669.4386,NA
2023-10-01,E01,NA,558676.7924,NA
2023-10-01,C15,NA,850995.5505,NA
2023-10-01,C14,NA,743477.0582,NA
2023-10-01,C13,NA,665921.7258,NA
2023-10-01,C12,NA,1626725.893,NA
2023-10-01,C03,NA,864990.8079,NA
2023-10-01,C10,NA,990769.1672,NA
2023-10-01,E07,NA,577059.6899,NA
2023-10-01,C08,NA,604137.3166,NA
2023-10-01,C07,NA,624392.8474,NA
2023-10-01,C06,NA,661750.4213,NA
2023-10-01,C04,NA,1444026.055,NA
2023-10-01,E04,NA,670064.3155,NA
2023-10-01,C11,NA,875062.9559,NA
2023-10-01,E05,NA,571496.6459,NA
2023-10-01,C09,NA,1211287.55,NA
2023-11-01,E02,NA,1151584.082,NA
2023-11-01,W09,NA,710192.3476,NA
2023-11-01,W08,NA,664490.5332,NA
2023-11-01,W07,NA,991018.8497,NA
2023-11-01,W06,NA,854039.9393,NA
2023-11-01,E06,NA,1371770.072,NA
2023-11-01,W05,NA,623180.636,NA
2023-11-01,W03,NA,383300.6381,NA
2023-11-01,W01,NA,905692.1104,NA
2023-11-01,E11,NA,649803.0473,NA
2023-11-01,E10,NA,357378.1827,NA
2023-11-01,E09,NA,741315.3975,NA
2023-11-01,E08,NA,557663.3002,NA
2023-11-01,W04,NA,488271.9037,NA
2023-11-01,C01,NA,631494.8849,NA
2023-11-01,E03,NA,633871.6326,NA
2023-11-01,W10,NA,585086.3644,NA
2023-11-01,C02,NA,432237.0229,NA
2023-11-01,All,NA,715855.364,NA
2023-11-01,W02,NA,316300.3988,NA
2023-11-01,E01,NA,387724.039,NA
2023-11-01,C15,NA,879192.7195,NA
2023-11-01,C14,NA,763020.6264,NA
2023-11-01,C13,NA,684587.4784,NA
2023-11-01,C12,NA,1338088.528,NA
2023-11-01,C03,NA,653790.655,NA
2023-11-01,C10,NA,894052.9559,NA
2023-11-01,E07,NA,582297.5231,NA
2023-11-01,C08,NA,614216.634,NA
2023-11-01,C07,NA,665321.9371,NA
2023-11-01,C06,NA,674288.2359,NA
2023-11-01,C04,NA,1653123.783,NA
2023-11-01,E04,NA,692446.4277,NA
2023-11-01,C11,NA,883940.567,NA
2023-11-01,E05,NA,553857.8824,NA
2023-11-01,C09,NA,2167278.025,NA
2023-12-01,E02,NA,1309036.314,NA
2023-12-01,W09,NA,739690.0621,NA
2023-12-01,W08,NA,670761.4915,NA
2023-12-01,W07,NA,1318940.202,NA
2023-12-01,W06,NA,871021.5934,NA
2023-12-01,E06,NA,1152124.982,NA
2023-12-01,W05,NA,633250.8014,NA
2023-12-01,W03,NA,415418.5989,NA
2023-12-01,W01,NA,934828.022,NA
2023-12-01,E11,NA,629023.0197,NA
2023-12-01,E10,NA,439396.9512,NA
2023-12-01,E09,NA,772138.6132,NA
2023-12-01,E08,NA,626242.0753,NA
2023-12-01,W04,NA,511829.0018,NA
2023-12-01,C01,NA,654205.4826,NA
2023-12-01,E03,NA,774791.3946,NA
2023-12-01,W10,NA,614480.8558,NA
2023-12-01,C02,NA,604942.1877,NA
2023-12-01,All,NA,739116.7239,NA
2023-12-01,W02,NA,312907.8411,NA
2023-12-01,E01,NA,445425.1436,NA
2023-12-01,C15,NA,902268.2151,NA
2023-12-01,C14,NA,792375.293,NA
2023-12-01,C13,NA,701310.9668,NA
2023-12-01,C12,NA,876900.3225,NA
2023-12-01,C03,NA,538419.8349,NA
2023-12-01,C10,NA,832814.4483,NA
2023-12-01,E07,NA,593178.4996,NA
2023-12-01,C08,NA,619969.0547,NA
2023-12-01,C07,NA,679723.4428,NA
2023-12-01,C06,NA,717064.151,NA
2023-12-01,C04,NA,1542627.852,NA
2023-12-01,E04,NA,691974.572,NA
2023-12-01,C11,NA,750388.0259,NA
2023-12-01,E05,NA,569046.2643,NA
2023-12-01,C09,NA,1261331.29,NA
2024-01-01,E02,NA,1387749.506,NA
2024-01-01,W09,NA,712391.4147,NA
2024-01-01,W08,NA,682677.5281,NA
2024-01-01,W07,NA,665419.6206,NA
2024-01-01,W06,NA,839093.416,NA
2024-01-01,E06,NA,1284235.031,NA
2024-01-01,W05,NA,652161.7444,NA
2024-01-01,W03,NA,783968.7341,NA
2024-01-01,W01,NA,850821.9102,NA
2024-01-01,E11,NA,672357.5879,NA
2024-01-01,E10,NA,401386.4681,NA
2024-01-01,E09,NA,806977.1632,NA
2024-01-01,E08,NA,681831.9803,NA
2024-01-01,W04,NA,497774.7675,NA
2024-01-01,C01,NA,661364.1453,NA
2024-01-01,E03,NA,752457.6118,NA
2024-01-01,W10,NA,596638.1945,NA
2024-01-01,C02,NA,541340.6566,NA
2024-01-01,All,NA,735512.82,NA
2024-01-01,W02,NA,431241.0433,NA
2024-01-01,E01,NA,548724.7564,NA
2024-01-01,C15,NA,842405.4457,NA
2024-01-01,C14,NA,792821.8448,NA
2024-01-01,C13,NA,773032.6299,NA
2024-01-01,C12,NA,1432878.562,NA
2024-01-01,C03,NA,512438.1996,NA
2024-01-01,C10,NA,923605.9941,NA
2024-01-01,E07,NA,595245.5277,NA
2024-01-01,C08,NA,642804.5737,NA
2024-01-01,C07,NA,771919.92,NA
2024-01-01,C06,NA,736426.5718,NA
2024-01-01,C04,NA,1437903.177,NA
2024-01-01,E04,NA,704790.943,NA
2024-01-01,C11,NA,758438.1185,NA
2024-01-01,E05,NA,583943.43,NA
2024-01-01,C09,NA,885922.1745,NA
2024-02-01,E02,NA,1513096.144,NA
2024-02-01,W09,NA,693947.0697,NA
2024-02-01,W08,NA,700657.379,NA
2024-02-01,W07,NA,1049809.626,NA
2024-02-01,W06,NA,823508.1758,NA
2024-02-01,E06,NA,1518101.402,NA
2024-02-01,W05,NA,645467.5161,NA
2024-02-01,W03,NA,281385.4189,NA
2024-02-01,W01,NA,900757.8144,NA
2024-02-01,E11,NA,686840.6653,NA
2024-02-01,E10,NA,315017.567,NA
2024-02-01,E09,NA,811922.5636,NA
2024-02-01,E08,NA,640387.6639,NA
2024-02-01,W04,NA,470944.0825,NA
2024-02-01,C01,NA,690995.6183,NA
2024-02-01,E03,NA,620296.9573,NA
2024-02-01,W10,NA,619392.0378,NA
2024-02-01,C02,NA,599491.8356,NA
2024-02-01,All,NA,771093.9801,NA
2024-02-01,W02,NA,507479.3759,NA
2024-02-01,E01,NA,683641.6884,NA
2024-02-01,C15,NA,833638.2419,NA
2024-02-01,C14,NA,833732.1976,NA
2024-02-01,C13,NA,734631.4459,NA
2024-02-01,C12,NA,1635879.32,NA
2024-02-01,C03,NA,566771.2364,NA
2024-02-01,C10,NA,978609.399,NA
2024-02-01,E07,NA,607082.9143,NA
2024-02-01,C08,NA,656322.3528,NA
2024-02-01,C07,NA,809003.0028,NA
2024-02-01,C06,NA,717826.958,NA
2024-02-01,C04,NA,1624065.239,NA
2024-02-01,E04,NA,714746.9678,NA
2024-02-01,C11,NA,979805.2195,NA
2024-02-01,E05,NA,585191.4764,NA
2024-02-01,C09,NA,2583601.637,NA
2024-03-01,E02,NA,1549472.713,NA
2024-03-01,W09,NA,806987.6445,NA
2024-03-01,W08,NA,747361.6748,NA
2024-03-01,W07,NA,1398098.279,NA
2024-03-01,W06,NA,883683.8821,NA
2024-03-01,E06,NA,1357743.087,NA
2024-03-01,W05,NA,597415.6833,NA
2024-03-01,W03,NA,449907.4678,NA
2024-03-01,W01,NA,976006.0517,NA
2024-03-01,E11,NA,702734.0749,NA
2024-03-01,E10,NA,404930.3477,NA
2024-03-01,E09,NA,825580.3845,NA
2024-03-01,E08,NA,613620.5203,NA
2024-03-01,W04,NA,466979.7687,NA
2024-03-01,C01,NA,654408.1025,NA
2024-03-01,E03,NA,711698.3135,NA
2024-03-01,W10,NA,629584.1188,NA
2024-03-01,C02,NA,813973.5404,NA
2024-03-01,All,NA,822021.085,NA
2024-03-01,W02,NA,468732.8366,NA
2024-03-01,E01,NA,644049.1034,NA
2024-03-01,C15,NA,898756.2135,NA
2024-03-01,C14,NA,874789.1011,NA
2024-03-01,C13,NA,787047.4836,NA
2024-03-01,C12,NA,1238113.095,NA
2024-03-01,C03,NA,713830.5467,NA
2024-03-01,C10,NA,1000334.021,NA
2024-03-01,E07,NA,598651.0884,NA
2024-03-01,C08,NA,668948.7785,NA
2024-03-01,C07,NA,808945.6653,NA
2024-03-01,C06,NA,721801.6377,NA
2024-03-01,C04,NA,1758024.745,NA
2024-03-01,E04,NA,742893.5137,NA
2024-03-01,C11,NA,964971.5223,NA
2024-03-01,E05,NA,596848.749,NA
2024-03-01,C09,NA,1671901.942,NA
2024-04-01,E02,NA,1270685.942,NA
2024-04-01,W09,NA,810333.9645,NA
2024-04-01,W08,NA,727070.8814,NA
2024-04-01,W07,NA,919203.462,NA
2024-04-01,W06,NA,873219.5089,NA
2024-04-01,E06,NA,1245459.497,NA
2024-04-01,W05,NA,568722.5699,NA
2024-04-01,W03,NA,511673.9682,NA
2024-04-01,W01,NA,1039808.82,NA
2024-04-01,E11,NA,711557.8311,NA
2024-04-01,E10,NA,433460.6524,NA
2024-04-01,E09,NA,862947.2087,NA
2024-04-01,E08,NA,661010.9806,NA
2024-04-01,W04,NA,489905.748,NA
2024-04-01,C01,NA,582470.6819,NA
2024-04-01,E03,NA,888119.6797,NA
2024-04-01,W10,NA,602283.0355,NA
2024-04-01,C02,NA,906560.7877,NA
2024-04-01,All,NA,818843.9185,NA
2024-04-01,W02,NA,366801.8139,NA
2024-04-01,E01,NA,473474.311,NA
2024-04-01,C15,NA,940317.4458,NA
2024-04-01,C14,NA,890340.1598,NA
2024-04-01,C13,NA,831204.7872,NA
2024-04-01,C12,NA,1022454.688,NA
2024-04-01,C03,NA,828749.186,NA
2024-04-01,C10,NA,1019763.994,NA
2024-04-01,E07,NA,583085.4139,NA
2024-04-01,C08,NA,652741.9686,NA
2024-04-01,C07,NA,785162.6918,NA
2024-04-01,C06,NA,752230.0636,NA
2024-04-01,C04,NA,1643117.919,NA
2024-04-01,E04,NA,727422.2995,NA
2024-04-01,C11,NA,747771.4055,NA
2024-04-01,E05,NA,601346.9276,NA
2024-04-01,C09,NA,1981641.148,NA
2024-05-01,E02,NA,1187581.511,NA
2024-05-01,W09,NA,716292.3156,NA
2024-05-01,W08,NA,689492.8471,NA
2024-05-01,W07,NA,1048177.022,NA
2024-05-01,W06,NA,854098.1065,NA
2024-05-01,E06,NA,1419173.925,NA
2024-05-01,W05,NA,616502.177,NA
2024-05-01,W03,NA,692042.9107,NA
2024-05-01,W01,NA,956901.3847,NA
2024-05-01,E11,NA,713658.56,NA
2024-05-01,E10,NA,376156.0944,NA
2024-05-01,E09,NA,863447.8725,NA
2024-05-01,E08,NA,682136.9441,NA
2024-05-01,W04,NA,514453.306,NA
2024-05-01,C01,NA,629950.7473,NA
2024-05-01,E03,NA,811782.8047,NA
2024-05-01,W10,NA,583584.4023,NA
2024-05-01,C02,NA,743754.6471,NA
2024-05-01,All,NA,782211.9653,NA
2024-05-01,W02,NA,372974.2567,NA
2024-05-01,E01,NA,403351.7047,NA
2024-05-01,C15,NA,913702.0705,NA
2024-05-01,C14,NA,886861.5031,NA
2024-05-01,C13,NA,792122.3236,NA
2024-05-01,C12,NA,1335274.094,NA
2024-05-01,C03,NA,806150.5574,NA
2024-05-01,C10,NA,1062680.094,NA
2024-05-01,E07,NA,578519.5642,NA
2024-05-01,C08,NA,678572.6112,NA
2024-05-01,C07,NA,757480.4045,NA
2024-05-01,C06,NA,748508.8014,NA
2024-05-01,C04,NA,1477699.165,NA
2024-05-01,E04,NA,741370.1378,NA
2024-05-01,C11,NA,767044.0179,NA
2024-05-01,E05,NA,599469.6809,NA
2024-05-01,C09,NA,2702262.653,NA
